925807598,Janette,,Guidetti,Sophomore,2007,rguidetti0@qq.com,284-865-0955,22 Vidon Point,10,1,12/15/1991,abroad,3031,false,842800526,Roxane,24,,1,false
978621170,Vance,Meier,Greenfield,Senior,2018,rgreenfield1@accuweather.com,470-415-2937,72 Vera Center,6,22,2/25/1997,transfered,1106,false,213178582,,24,,2,false
970986465,Godart,,Dashper,Senior,2007,bdashper2@scientificamerican.com,229-713-3255,1707 Kingsford Point,8,27,5/7/1992,dropped,6957,false,372196206,,14,,3,true
951787550,Lisa,Mollee,Yurygyn,Sophomore,2008,tyurygyn3@oaic.gov.au,815-374-0429,73 Namekagon Crossing,9,2,6/19/1992,dropped,8164,false,814002327,Trude,14,,4,true
930932552,Jacky,,McGuinley,Junior,2009,kmcguinley4@admin.ch,119-671-2685,720 International Place,6,8,12/27/1990,dropped,7309,true,212634477,,24,,5,true
910334919,Gerry,Debee,Ratke,Sophomore,2008,aratke5@ifeng.com,381-691-6185,55 Mallard Lane,3,24,2/20/1990,abroad,1112,true,274437852,,14,,6,false
938252798,Griff,Pail,Kneale,Sophomore,2020,mkneale6@wsj.com,699-219-9456,1907 Victoria Court,5,18,8/22/1993,dropped,9967,true,325321804,,7,,7,false
935532679,Buckie,Jerrold,Masden,Senior,2013,lmasden7@nasa.gov,961-761-1387,9 Morning Parkway,10,22,5/26/1995,active,1621,false,603244992,Lyle,24,,8,false
900197280,Brent,,Kalb,Sophomore,2011,tkalb8@phoca.cz,162-840-5516,09315 Lakewood Avenue,3,20,9/29/1995,deferred,6289,false,789636466,Teodoro,24,,9,true
932532001,Sidoney,Latisha,Douglass,Freshman,2016,jdouglass9@nationalgeographic.com,483-475-6863,85 Moose Trail,1,37,5/14/1990,deferred,1428,false,268805383,Joellen,24,,10,false
936215511,Lyman,,Crosston,Sophomore,2013,jcrosstona@mit.edu,650-242-6770,9766 Utah Terrace,9,20,11/14/1993,transfered,8476,false,415502398,Joann,24,,11,false
991140496,Cicely,Jabez,Pifford,Freshman,2004,npiffordb@dyndns.org,877-610-6216,85 Pine View Pass,1,33,12/19/1995,deferred,5099,false,514926582,Nils,24,,12,true
979990688,Currie,Mandi,Creser,Freshman,2010,jcreserc@linkedin.com,898-836-7433,82468 Rieder Circle,8,3,7/27/1994,dropped,4961,true,625049306,,7,lol,13,true
912690411,Shela,Phaidra,Gartery,Freshman,2003,rgarteryd@rakuten.co.jp,525-951-9706,845 Sunfield Street,10,11,5/25/1992,transfered,9591,false,664290142,,14,,14,false
960269124,Candie,Zitella,Brimacombe,Junior,2018,abrimacombee@virginia.edu,396-530-1941,9165 Barnett Point,3,22,4/12/1988,active,5072,true,789284346,,14,,15,false
903308367,George,,Tabord,Freshman,2019,ttabordf@w3.org,605-471-1202,4589 Kedzie Center,8,13,11/7/1995,abroad,2456,true,265011017,,24,,16,false
917180934,Selma,Bernette,Iacoboni,Sophomore,2010,eiacobonig@sohu.com,134-696-7777,4289 Talmadge Alley,5,1,8/9/1988,dropped,6184,true,110642684,,7,,17,true
932778420,Marika,Marve,Faulks,Sophomore,2014,dfaulksh@ted.com,163-299-6995,5488 Superior Junction,2,28,7/29/1991,deferred,3246,true,545414150,,14,,18,true
973751229,Clo,Jared,Zanni,Junior,2006,kzannii@umn.edu,118-489-0825,97 Kings Circle,10,38,12/12/1994,dropped,8917,false,932473030,,24,,19,false
931883219,Nyssa,,Du Fray,Sophomore,2004,adufrayj@cornell.edu,860-517-4808,05 Paget Lane,10,36,1/28/1993,deferred,6015,true,457112798,,24,,20,true
988122748,Augustine,Maribel,Fabb,Sophomore,2005,wfabbk@printfriendly.com,750-887-4253,098 Browning Place,5,1,5/7/1997,deferred,6393,false,814865319,,14,,21,false
913430128,Ruggiero,,Robardley,Junior,2019,arobardleyl@uol.com.br,130-999-8336,67241 Clove Pass,1,11,3/9/1988,active,9029,true,803972793,,7,,22,false
992035951,Rozamond,,Killingbeck,Sophomore,2005,akillingbeckm@plala.or.jp,553-495-0350,8 Weeping Birch Center,9,25,2/27/1995,abroad,3801,false,941991948,,7,,23,false
972112257,Stavro,,Mattingly,Sophomore,2019,bmattinglyn@behance.net,190-534-9980,25829 Morrow Circle,7,21,10/20/1992,active,7966,true,872909574,,7,,24,false
958452911,Emmett,Araldo,Callington,Freshman,2003,scallingtono@booking.com,207-715-4590,28 Service Place,6,32,2/25/1992,transfered,6319,true,628055651,Sissie,7,,25,false
930599688,Hobart,,Kiledal,Sophomore,2005,ekiledalp@hexun.com,304-263-6748,3529 Talmadge Point,10,28,7/16/1994,dropped,5425,false,227062576,,24,,26,false
933033657,Elisabeth,Anita,Juckes,Junior,2014,pjuckesq@cdc.gov,799-837-4348,10858 Park Meadow Crossing,1,28,10/14/1993,transfered,2784,true,248662083,,14,,27,false
907131864,Sauveur,,Newman,Freshman,2018,anewmanr@bluehost.com,645-516-7106,6107 Haas Plaza,8,30,8/29/1997,active,7467,false,167446885,,14,,28,true
913315373,Anthiathia,,Balfour,Sophomore,2015,ebalfours@dropbox.com,115-943-6067,174 Sunfield Hill,8,34,10/10/1995,active,9905,true,956872584,,7,,29,true
902831009,Quinn,,Beavington,Senior,2010,dbeavingtont@answers.com,867-837-1716,09225 Blackbird Circle,2,28,1/20/1993,dropped,5038,true,950040659,Dorian,7,,30,true
945304546,Lorianna,Stanley,Karran,Senior,2013,ekarranu@tinyurl.com,496-754-0454,114 Crescent Oaks Circle,2,38,2/8/1996,active,1827,false,520551570,Evelyn,24,,31,true
995463153,Lydia,Andrej,Pughsley,Freshman,2009,mpughsleyv@ebay.co.uk,276-442-1159,98 Erie Court,3,9,10/28/1994,deferred,4016,true,851858245,,14,,32,true
908379023,Berte,,Starmore,Junior,2020,estarmorew@hhs.gov,665-584-7102,40 Bayside Road,2,3,9/15/1997,deferred,5842,true,589167512,,7,,33,false
906667752,Immanuel,Pierre,Shirer,Junior,2018,kshirerx@parallels.com,722-503-0305,8179 Lunder Junction,1,40,4/9/1993,deferred,3565,true,385993996,,24,,34,false
957030083,Stormie,Kerrie,Kerwin,Sophomore,2006,jkerwiny@macromedia.com,200-483-0217,17 Hudson Street,9,22,3/12/1996,active,1760,false,871621902,,14,,35,false
954563148,Irwinn,Fidel,Shivell,Sophomore,2003,zshivellz@wix.com,436-314-6833,182 Glendale Junction,4,37,5/24/1997,dropped,3846,true,694397222,,7,,36,true
946606889,Cheri,Devin,Perago,Sophomore,2017,rperago10@google.com.br,513-960-6671,227 Blue Bill Park Plaza,7,17,11/1/1992,transfered,6810,true,540106970,Ruggiero,24,,37,true
922617892,Hugo,Nick,Wase,Sophomore,2014,gwase11@craigslist.org,114-625-3642,17 Nobel Center,6,22,10/16/1990,dropped,5310,false,822608812,,24,,38,true
922897082,Creight,Gerrie,Dibble,Freshman,2001,bdibble12@jimdo.com,759-215-5459,3293 Bay Alley,7,6,7/9/1990,active,1392,true,194087199,,7,,39,false
935997713,Willdon,Anabelle,Chaimson,Sophomore,2002,dchaimson13@hc360.com,383-625-7823,0 Lakeland Junction,4,22,5/25/1991,active,5591,false,704106076,,14,,40,false
916284017,Dom,Erasmus,Jedryka,Sophomore,2008,ajedryka14@dailymotion.com,835-682-1058,14 Arrowood Junction,8,23,12/31/1989,dropped,7993,true,759376925,Alikee,7,,41,true
961149865,Abraham,,Spofford,Sophomore,2020,cspofford15@cdc.gov,539-993-9494,37491 Surrey Crossing,1,28,1/5/1995,transfered,4015,true,758775806,,7,,42,false
957638018,Cody,,O'Mohun,Freshman,2008,jomohun16@cbc.ca,293-656-7823,7176 Talisman Street,9,20,2/8/1988,dropped,2159,false,179845167,,24,,43,false
917311666,Imogen,Debra,Dunkerton,Junior,2002,ldunkerton17@addtoany.com,804-217-8705,994 Bay Parkway,6,3,6/22/1993,dropped,2259,false,958087249,Lay,14,,44,true
941430822,Cassandra,Rosette,Rainy,Freshman,2008,drainy18@wufoo.com,961-933-7761,33 Truax Court,8,14,4/18/1991,dropped,7948,false,281075760,Dorie,7,,45,false
935396967,Mallorie,Darwin,Mathieu,Sophomore,2015,emathieu19@comsenz.com,860-480-1441,19 Lukken Circle,9,8,10/8/1995,dropped,1202,false,194723209,Everett,7,lol,46,false
995302216,Salli,Addy,Palia,Freshman,2018,apalia1a@statcounter.com,247-569-9212,41 Nevada Court,4,18,12/31/1997,abroad,2300,false,305242215,,24,lol,47,false
977856230,Nat,Joyan,Burnitt,Sophomore,2016,dburnitt1b@is.gd,643-672-2157,3 Anzinger Circle,6,11,10/7/1996,abroad,6836,false,472763892,,24,,48,true
947552603,Kendall,,Critzen,Freshman,2018,rcritzen1c@squarespace.com,327-139-1000,58 Almo Parkway,1,6,5/24/1992,transfered,8150,true,994771627,,7,,49,false
927870094,Westleigh,Laurent,Cahani,Sophomore,2000,bcahani1d@netscape.com,630-398-0986,2663 Vernon Junction,4,37,1/15/1993,active,7196,false,258868145,,14,,50,true
987379237,Tanya,Lyndsay,Spuner,Junior,2017,aspuner1e@soundcloud.com,817-698-0546,098 Lotheville Trail,6,37,5/13/1988,active,3945,true,359579697,,7,,51,false
917770234,Felix,Laurice,Pulver,Senior,2009,mpulver1f@imageshack.us,219-128-6415,4 John Wall Alley,4,25,3/6/1990,active,5504,false,622245215,Meagan,14,lol,52,false
937015457,Reinaldos,Karilynn,Bogges,Sophomore,2004,cbogges1g@auda.org.au,468-807-8021,9 Sunnyside Point,4,30,7/8/1990,abroad,9808,true,967898708,,7,,53,false
980163301,Nicholle,Jennilee,Nisot,Senior,2005,cnisot1h@ehow.com,629-549-3483,33 Artisan Terrace,4,4,2/18/1992,transfered,1081,false,494003074,,14,,54,false
977663044,Moyra,Bengt,Hurdiss,Junior,2014,ghurdiss1i@fda.gov,208-172-7588,11 Burning Wood Drive,10,36,2/8/1993,abroad,2877,true,866054261,,24,,55,true
960175195,Giulio,,Tomek,Senior,2000,vtomek1j@biblegateway.com,557-316-7938,68 Hoepker Park,3,9,7/18/1988,deferred,9612,false,308071245,Vivien,24,,56,true
969086767,Dorita,Teodora,Iczokvitz,Senior,2016,siczokvitz1k@google.cn,539-801-1116,72 Roth Lane,1,1,5/23/1989,deferred,4435,false,380561796,,24,,57,false
947353441,Rachele,Hunter,Fozard,Junior,2015,lfozard1l@angelfire.com,162-378-5709,3017 Steensland Center,7,37,7/31/1992,dropped,3280,true,564271964,,7,,58,true
927783107,Eula,Tallie,Leneve,Junior,2006,mleneve1m@51.la,922-737-8523,61 6th Park,1,24,11/13/1991,active,4254,false,926334939,,7,,59,false
913247396,Merrill,Foster,Rahill,Sophomore,2019,trahill1n@mit.edu,313-784-7085,4 Carpenter Alley,5,7,7/19/1992,transfered,9597,true,547530708,,14,,60,false
920276206,Durand,Rudiger,Claeskens,Senior,2006,oclaeskens1o@csmonitor.com,694-372-5317,292 Manley Circle,7,4,2/11/1989,active,4105,true,225420566,Ofilia,24,,61,false
972729920,Rina,,Delgardillo,Freshman,2011,mdelgardillo1p@i2i.jp,235-655-9612,552 Waubesa Parkway,5,31,4/3/1994,dropped,4495,true,663821854,,7,,62,false
952144017,Josy,Gustavo,Leworthy,Senior,2011,cleworthy1q@topsy.com,572-714-2677,27 Mccormick Avenue,2,18,1/25/1997,abroad,4390,true,650979764,,24,,63,false
913299105,Irwinn,Theobald,Gaul,Junior,2007,qgaul1r@npr.org,352-553-0042,53031 Jackson Crossing,5,26,9/2/1995,dropped,7527,true,861747914,,14,,64,false
979554136,Kalinda,Cati,Banister,Senior,2003,sbanister1s@pen.io,943-634-8043,70 Kennedy Parkway,2,13,3/17/1997,active,9518,true,916722816,,7,,65,false
954835766,Andonis,Lucinda,Flight,Freshman,2006,cflight1t@alexa.com,756-264-6089,01175 Autumn Leaf Lane,10,9,7/25/1996,abroad,4804,true,917356870,Cozmo,7,,66,true
989509694,Hewie,,Shadbolt,Junior,2014,mshadbolt1u@kickstarter.com,702-881-8149,5 Sachtjen Terrace,5,1,8/11/1989,dropped,2818,false,504543135,,24,,67,true
922444289,Nobie,Melisande,Delooze,Senior,2004,rdelooze1v@walmart.com,173-983-2399,22118 Petterle Parkway,2,31,9/4/1989,abroad,5887,true,454696273,,14,,68,false
988674654,Chiarra,Caron,Hendrickx,Junior,2012,hhendrickx1w@home.pl,928-814-2366,9979 Brown Hill,6,27,9/13/1992,deferred,4596,true,698528748,,24,,69,true
926459255,Karine,,Strete,Senior,2006,gstrete1x@state.gov,279-303-5361,639 Cherokee Road,10,4,4/27/1993,abroad,3860,false,860898765,,14,,70,true
962320573,Tilda,Heywood,Gunson,Sophomore,2008,lgunson1y@google.pl,680-407-6684,65638 Daystar Street,3,20,1/22/1991,dropped,8923,false,866152208,Lauri,24,lol,71,true
944891610,Farrah,,Brumham,Senior,2002,fbrumham1z@army.mil,401-885-1953,5893 Forster Park,10,31,8/18/1992,dropped,2086,true,705384269,Farrel,14,,72,true
976966752,Lyon,Diann,Sprionghall,Freshman,2018,zsprionghall20@newyorker.com,905-478-8465,7873 Express Avenue,2,39,8/27/1988,active,3636,false,479524005,,14,,73,false
981610306,Ludovico,,Starrs,Sophomore,2000,jstarrs21@wisc.edu,132-125-5767,3 Bayside Way,1,3,3/23/1995,active,6129,true,585485928,,14,,74,true
974506834,Thornie,Sigvard,Tingey,Sophomore,2013,ntingey22@storify.com,497-980-6143,1 Carey Drive,1,35,10/14/1990,deferred,6144,false,569327441,,14,lol,75,false
925465866,Bab,Stacie,Done,Sophomore,2005,rdone23@barnesandnoble.com,970-275-7893,2 Village Parkway,6,6,11/13/1993,abroad,8291,false,951196706,,14,,76,true
973084614,Johnathan,Poul,Netherclift,Senior,2020,mnetherclift24@devhub.com,177-775-6390,35406 Washington Lane,9,8,4/18/1988,abroad,2948,true,637249619,,14,,77,false
902215880,Camey,,Louiset,Junior,2017,mlouiset25@bbc.co.uk,247-680-4830,04442 Spaight Avenue,2,11,10/25/1996,abroad,6544,false,691153947,,7,,78,false
981714863,Cooper,,Persitt,Sophomore,2017,spersitt26@npr.org,746-658-9282,0144 8th Alley,9,7,5/15/1997,transfered,8203,true,896814725,,24,,79,true
940865758,Marlyn,,Littleover,Freshman,2018,plittleover27@icq.com,699-820-6614,16168 Green Plaza,7,29,2/25/1991,abroad,9143,true,212742901,,24,,80,true
978503605,Tessa,Kanya,Camilli,Senior,2000,dcamilli28@statcounter.com,542-936-5513,08 Susan Park,1,39,2/25/1992,active,9671,true,924374792,Dione,7,,81,true
957743536,Meg,,Bartod,Senior,2007,kbartod29@jigsy.com,241-693-1386,358 Bartelt Trail,10,10,2/9/1994,abroad,1768,true,441763200,Kathleen,24,,82,false
966136529,Bud,,Gallamore,Freshman,2013,pgallamore2a@indiegogo.com,142-772-4899,69786 Northport Circle,8,22,4/15/1994,abroad,1862,false,999443945,,7,,83,true
948543065,Ralph,,Hallows,Senior,2013,jhallows2b@dailymail.co.uk,966-480-5393,42 Upham Street,8,2,12/18/1988,abroad,6229,false,131924426,Joscelin,24,,84,false
988754612,Mason,Jonathan,Murricanes,Junior,2005,mmurricanes2c@mashable.com,216-767-2868,33422 Chive Crossing,9,15,3/9/1991,dropped,8311,true,215128004,,24,,85,false
937016838,Philip,Bartlet,Mattingson,Freshman,2014,cmattingson2d@java.com,121-665-5373,555 Tennyson Place,8,32,6/2/1994,dropped,5398,false,493750273,,7,,86,false
975632854,Alair,,Doeg,Junior,2020,mdoeg2e@nsw.gov.au,951-707-2198,8 Independence Court,2,22,11/7/1994,abroad,5832,false,765028654,,7,,87,true
912324280,Iseabal,Merrile,Tembridge,Senior,2016,ctembridge2f@nytimes.com,930-403-5891,674 Farwell Crossing,1,11,12/19/1992,active,7196,false,731019060,,14,,88,false
922590827,Culley,Pooh,Al Hirsi,Junior,2003,talhirsi2g@washington.edu,238-649-0993,4 Basil Plaza,8,12,2/4/1995,active,4404,false,160495270,Thatcher,7,,89,false
927278381,Darius,Curran,Skelhorn,Senior,2015,kskelhorn2h@usnews.com,449-430-8660,25 Gale Court,9,35,11/22/1997,dropped,2317,true,201078135,,7,,90,false
904532785,Veriee,,Cracknell,Senior,2010,mcracknell2i@wsj.com,352-819-1985,18649 Spohn Way,3,6,7/18/1989,abroad,7663,false,577244376,Moira,7,,91,false
965087270,Arlette,Layla,Leap,Freshman,2001,mleap2j@hubpages.com,541-585-2945,91260 Bunker Hill Street,4,30,3/20/1994,dropped,6160,true,487296652,,7,,92,true
914467293,Zacherie,Drucy,Pinnijar,Junior,2020,jpinnijar2k@goodreads.com,658-334-5640,3 Schurz Plaza,4,33,9/24/1989,deferred,6286,false,894348327,,14,,93,true
975748119,Langston,Langsdon,Lawleff,Sophomore,2018,clawleff2l@cmu.edu,215-267-6831,56 Sutteridge Lane,2,38,1/21/1992,active,6040,true,266525635,,24,,94,false
988317078,Dulciana,Gabriela,Jiggen,Sophomore,2008,ijiggen2m@ask.com,145-332-0644,811 Hallows Point,10,2,5/20/1995,active,6346,true,674284802,,14,,95,false
976581787,Tansy,Cecile,Dussy,Sophomore,2002,kdussy2n@ox.ac.uk,308-478-4347,91 Main Way,9,29,2/10/1992,deferred,3161,true,744237270,,24,,96,false
967090363,Saunder,Catlee,Blasing,Junior,2000,wblasing2o@earthlink.net,578-575-0899,86870 Logan Lane,9,38,2/23/1996,dropped,9115,true,565898189,,7,,97,true
903103707,Stephenie,Prisca,Dust,Junior,2012,sdust2p@zimbio.com,872-823-2903,0 Scofield Terrace,2,14,11/11/1996,active,1349,false,935841431,,24,,98,true
985573076,Libby,,Carwardine,Senior,2000,wcarwardine2q@nature.com,589-338-5319,13810 Blue Bill Park Center,10,34,7/15/1994,transfered,6631,true,321674370,Wilow,14,,99,true
908239625,Clayson,Marysa,Carlyon,Freshman,2019,mcarlyon2r@java.com,921-170-8573,8989 La Follette Trail,8,40,4/16/1988,active,9224,false,845506754,Meta,14,,100,false
924421440,Nat,,Bourthoumieux,Freshman,2008,mbourthoumieux2s@lycos.com,130-511-3836,549 Fulton Place,4,27,3/29/1996,active,2816,false,508782051,,14,,101,true
902068183,Dacia,Gerhardt,Hallows,Freshman,2007,mhallows2t@gmpg.org,508-668-1638,710 Westend Junction,1,10,8/20/1993,abroad,4713,true,379696604,,24,,102,true
916342844,Westley,Elka,Lathaye,Freshman,2019,clathaye2u@sitemeter.com,720-633-4127,30 Emmet Trail,2,2,12/14/1996,transfered,7814,true,967592411,,7,,103,true
954633468,Allyn,Adelind,McIlhagga,Freshman,2006,jmcilhagga2v@goo.gl,721-666-1225,61 Armistice Circle,1,12,10/9/1996,dropped,8427,true,709381960,,24,,104,false
913084453,Isadora,Daven,De Gouy,Sophomore,2007,cdegouy2w@mapquest.com,277-958-6168,818 Mccormick Way,6,3,3/23/1989,transfered,4694,true,616782533,,7,,105,true
940418458,Tremayne,Angil,Lehenmann,Senior,2001,ilehenmann2x@t.co,555-656-2511,4628 Toban Hill,3,35,4/17/1993,abroad,2024,false,991518496,,24,,106,false
944148866,Dyane,Reinwald,Grizard,Freshman,2001,cgrizard2y@homestead.com,837-680-1315,20 Novick Alley,10,6,11/16/1996,transfered,2718,true,212163045,Camile,14,,107,true
945173090,Sharl,Park,Howler,Senior,2011,dhowler2z@xrea.com,700-346-3172,359 Dexter Lane,5,15,2/11/1994,dropped,8828,false,879597128,,14,,108,true
943356214,Diahann,Irina,Chetwin,Junior,2016,mchetwin30@google.pl,749-855-3048,84 Service Way,1,40,10/27/1990,deferred,3760,false,787552921,,24,,109,false
910798927,Hewie,Shaun,Gillatt,Senior,2005,pgillatt31@canalblog.com,248-844-7000,76 Bluestem Drive,9,23,2/22/1993,dropped,9147,false,502678177,,7,,110,true
945353798,Anselma,Kelcy,Hoyte,Senior,2018,khoyte32@surveymonkey.com,404-785-6347,66 High Crossing Crossing,4,1,7/20/1988,deferred,3696,true,599404163,,7,,111,false
970162625,Butch,,Stallworth,Freshman,2014,pstallworth33@themeforest.net,448-588-0251,87817 Ryan Terrace,1,9,11/3/1991,transfered,6350,false,218385063,,14,,112,true
924718853,Trudie,,Paulucci,Sophomore,2009,hpaulucci34@weibo.com,234-847-2965,376 Hansons Lane,8,33,4/7/1989,transfered,7164,false,391823903,,7,,113,false
929520917,Cart,Ramonda,Alven,Freshman,2008,ealven35@wordpress.org,726-707-3569,26 International Crossing,9,8,1/5/1997,active,4523,false,715266094,,14,,114,true
995155510,Creigh,,Frankham,Sophomore,2010,pfrankham36@aol.com,979-842-5789,52 Tennessee Point,5,9,10/26/1990,deferred,6542,false,503233278,,24,,115,true
917570721,Duncan,Jeannine,Sommer,Senior,2004,csommer37@scribd.com,504-892-9679,3 Monument Park,8,18,10/11/1996,abroad,2810,true,378503436,Calypso,24,,116,false
974239433,Amalee,Ali,Baldree,Senior,2014,kbaldree38@wikipedia.org,364-463-9927,11 Schmedeman Junction,2,1,12/26/1989,deferred,6799,false,476903813,Kinna,24,,117,true
941264845,Ken,Juli,Sweeney,Senior,2006,ssweeney39@shareasale.com,431-198-7898,617 Hermina Hill,4,8,3/4/1995,active,9814,false,136246252,Sabina,7,lol,118,true
993639468,Harper,Gillan,Wrout,Junior,2010,fwrout3a@people.com.cn,998-886-9933,377 6th Alley,6,2,12/18/1991,deferred,2720,true,737382933,,24,lol,119,false
995464809,Worthington,Rafa,McLemon,Junior,2004,dmclemon3b@webeden.co.uk,818-142-6443,563 Carioca Parkway,4,30,1/31/1992,deferred,5109,true,168034593,,14,,120,true
960960603,Kary,Bat,McDermot,Junior,2000,emcdermot3c@4shared.com,179-775-9851,5357 Corben Junction,5,17,5/2/1997,abroad,8149,true,680038366,,14,,121,false
947955160,Tobit,,Parkisson,Junior,2014,cparkisson3d@npr.org,683-759-0768,90239 Meadow Vale Plaza,10,10,6/16/1994,dropped,3874,true,295405988,,14,,122,false
998532017,Gretal,Reynolds,Hayford,Sophomore,2016,rhayford3e@nyu.edu,407-151-4487,6 Derek Court,3,35,1/19/1994,transfered,9975,true,202352857,,24,,123,false
985310855,Cortney,,Fishbourn,Freshman,2007,gfishbourn3f@123-reg.co.uk,532-463-9293,00 Maryland Way,10,12,12/12/1991,transfered,2548,false,476336656,,24,,124,true
982749551,Vivianna,,Barfoot,Freshman,2000,nbarfoot3g@jalbum.net,342-148-4669,7055 Maple Lane,5,26,5/11/1993,deferred,8109,false,202646078,,7,,125,true
926187928,Biddie,,Mathivat,Freshman,2020,cmathivat3h@tamu.edu,316-135-8343,38837 Shasta Center,4,29,9/12/1996,abroad,6415,true,397248484,,24,,126,false
927472474,Charlot,Idette,Garey,Freshman,2000,tgarey3i@tripadvisor.com,184-345-3624,8762 Superior Pass,5,4,4/11/1989,active,1342,true,694004720,,24,,127,true
958192285,Lanie,,Giamitti,Freshman,2019,ngiamitti3j@google.cn,676-763-8779,551 American Center,6,8,12/14/1989,dropped,4451,false,494816608,,14,,128,true
917241556,Adey,Chariot,Riddall,Freshman,2020,criddall3k@e-recht24.de,763-739-5616,146 Debs Court,5,12,9/21/1993,dropped,9890,false,311424656,,14,,129,false
954737637,Ertha,Perry,Michelmore,Freshman,2017,umichelmore3l@last.fm,534-829-0458,9444 Moose Junction,1,30,7/3/1990,abroad,8908,true,177805084,,24,,130,false
978533187,Hyman,,Pulteneye,Freshman,2013,kpulteneye3m@bbb.org,255-228-7221,9767 Cordelia Terrace,10,10,11/11/1988,abroad,3365,true,194058918,,7,,131,false
964124582,Jermayne,Margot,Shillaber,Senior,2002,mshillaber3n@amazon.de,318-916-0421,0 Iowa Point,1,29,7/23/1994,abroad,2491,true,272321531,,14,,132,false
995449963,Francoise,Klara,Tinsley,Sophomore,2016,ttinsley3o@free.fr,217-721-6572,687 Montana Lane,1,8,10/5/1995,abroad,7970,true,341184066,,24,,133,false
970457878,Alphard,Linc,Dodgshon,Freshman,2005,ddodgshon3p@sciencedaily.com,499-691-8993,860 Katie Drive,5,26,1/28/1988,transfered,1681,true,212057008,,24,,134,false
984088920,Virgil,Eveleen,McKenney,Junior,2010,cmckenney3q@pinterest.com,926-421-7859,17 Mariners Cove Circle,3,25,5/15/1991,deferred,7652,true,491475627,Cord,14,,135,false
969294899,Opalina,Rolando,Huntall,Junior,2001,ehuntall3r@auda.org.au,322-720-5255,8383 Springview Hill,8,23,12/14/1992,deferred,6632,true,102376243,,7,,136,true
918653420,Vale,Odelle,Lohan,Junior,2013,nlohan3s@netscape.com,677-485-0362,7021 Ramsey Drive,2,4,12/1/1996,dropped,5149,true,356962184,,7,,137,false
919730468,Bradly,Meir,Titterrell,Senior,2019,btitterrell3t@imdb.com,335-940-8820,2 Manley Road,4,7,6/29/1991,active,6186,false,288789270,,14,,138,true
918740880,Earvin,,Cescot,Sophomore,2005,fcescot3u@arizona.edu,353-412-5610,25768 Golf Pass,5,35,7/18/1988,transfered,9933,false,710828744,Finn,24,,139,false
958191566,Horatia,Esta,Hatherleigh,Sophomore,2017,lhatherleigh3v@flickr.com,152-614-9341,20054 Kenwood Street,1,27,3/30/1996,deferred,9847,false,544808748,,24,,140,true
915114999,Veronike,Lennie,Doram,Junior,2012,ndoram3w@pagesperso-orange.fr,666-739-1290,6797 Division Street,3,17,9/14/1996,dropped,1837,false,634576798,,14,,141,true
932444545,Craggie,,Goatman,Junior,2013,egoatman3x@bigcartel.com,505-431-0531,411 Iowa Junction,1,11,10/1/1989,active,3710,true,608332286,,7,lol,142,false
982099981,Kahaleel,Joscelin,Gofforth,Freshman,2001,fgofforth3y@opera.com,173-469-0333,921 Esker Lane,10,40,10/1/1996,active,7046,true,976600589,Ferguson,7,,143,true
926371388,Clementina,,Nussgen,Freshman,2000,enussgen3z@ibm.com,176-122-1444,7 Pierstorff Circle,8,19,11/9/1995,abroad,5148,false,853886033,,7,,144,true
941360600,Vic,Araldo,Doulton,Freshman,2002,fdoulton40@sciencedirect.com,552-639-3769,5178 Morrow Alley,10,9,11/3/1995,abroad,3037,false,722972606,,24,,145,true
976769569,Benedict,Chloe,Rodrigo,Sophomore,2006,nrodrigo41@wikispaces.com,588-348-0303,79877 Sherman Crossing,1,14,4/29/1992,deferred,3849,false,438925913,,14,,146,true
979669149,Andras,Delano,Wemyss,Sophomore,2018,jwemyss42@skyrock.com,583-470-2442,52257 Glacier Hill Drive,10,11,1/1/1996,deferred,3639,false,690396246,,7,,147,false
921409646,Abby,Stearn,Cridlon,Sophomore,2005,acridlon43@ovh.net,881-663-4631,42037 Johnson Parkway,2,26,5/18/1991,deferred,4785,true,887229338,,24,,148,false
997878432,Charo,Felipe,Crisford,Junior,2011,dcrisford44@timesonline.co.uk,211-772-2191,4 Havey Circle,2,16,1/14/1992,deferred,9770,false,744923618,Dusty,14,,149,false
974280137,Colleen,,Pennuzzi,Freshman,2015,ypennuzzi45@imdb.com,286-797-4574,2 Lighthouse Bay Point,2,8,11/10/1990,active,8146,false,642713574,,14,,150,false
982114628,Sherye,Allister,Webburn,Freshman,2000,rwebburn46@ed.gov,772-505-5013,71948 Duke Drive,2,32,4/28/1995,transfered,4563,true,913616372,Ranna,7,,151,true
912383272,Saw,,Trewinnard,Junior,2000,atrewinnard47@squidoo.com,764-958-7076,697 Bunker Hill Place,2,17,1/23/1993,transfered,3267,false,562915024,,7,,152,true
952458982,Melinde,Garwood,Curless,Junior,2009,dcurless48@theguardian.com,430-950-3153,822 Comanche Plaza,2,12,4/7/1990,abroad,3785,false,624648383,,24,,153,true
905184308,Ciel,Hallsy,Rosendale,Senior,2020,wrosendale49@jiathis.com,299-522-3866,9 Westridge Court,10,27,7/20/1994,dropped,8564,false,978563736,Wallis,7,,154,true
980429569,Bernelle,Felicia,Tomasutti,Senior,2003,atomasutti4a@blogger.com,773-909-8488,1087 Eastwood Court,9,2,7/14/1993,dropped,6681,true,751750071,Alessandra,7,,155,true
926606862,Cesare,Wakefield,Reggiani,Sophomore,2016,nreggiani4b@merriam-webster.com,914-124-5208,587 Vera Alley,9,39,11/2/1997,abroad,6747,false,748673176,,14,,156,false
910276423,Major,Vanna,Howorth,Junior,2005,choworth4c@cnn.com,467-107-5843,68 Crescent Oaks Drive,1,40,7/1/1992,deferred,5937,true,779406153,Constancy,14,,157,false
962338607,Emelina,Libby,Stansell,Freshman,2004,astansell4d@taobao.com,805-752-4257,1294 Farmco Street,7,29,6/25/1994,active,6919,false,105429341,Aurelie,14,,158,false
927225746,Ronnica,Tudor,Turnock,Senior,2009,kturnock4e@gnu.org,166-576-8102,46715 Jenifer Avenue,1,31,10/31/1989,transfered,7204,false,205235579,,14,,159,true
986335444,Marylinda,Wilfred,Plume,Freshman,2019,gplume4f@hao123.com,657-447-8903,7 Everett Crossing,1,31,2/19/1997,abroad,3894,true,641674846,,14,,160,true
930870384,Georas,Harmonia,Barratt,Sophomore,2013,sbarratt4g@businesswire.com,963-399-5164,795 Marcy Terrace,3,19,2/14/1990,transfered,3728,true,260384753,,14,,161,false
999905526,Cameron,,Spray,Senior,2015,sspray4h@ycombinator.com,988-879-1297,0 Oakridge Way,2,12,2/27/1996,abroad,9924,true,615655518,,14,lol,162,true
901389677,Arri,Sam,Charters,Junior,2000,icharters4i@youtu.be,138-810-0706,80 Monument Alley,2,2,3/22/1997,dropped,5172,true,694738955,,14,,163,false
920359527,Amalle,,Rehor,Freshman,2015,srehor4j@dedecms.com,523-800-1832,8024 Algoma Road,1,38,11/12/1989,deferred,1551,false,387732764,,14,,164,false
965049085,Anjela,Wylma,Bloxholm,Junior,2003,mbloxholm4k@sciencedirect.com,486-885-1994,7613 Anzinger Crossing,8,13,7/6/1994,active,9623,false,340357982,,14,,165,false
902853445,Orv,Ann-marie,Iban,Senior,2017,niban4l@narod.ru,264-610-7919,4 Crescent Oaks Terrace,2,28,4/11/1989,active,3212,true,757625087,,24,,166,true
972206083,Bettye,,Al Hirsi,Junior,2011,calhirsi4m@discovery.com,554-719-5417,63049 Del Sol Trail,10,7,8/20/1992,transfered,8029,true,436143367,,24,,167,true
909085417,Javier,Kaleb,Bruckstein,Sophomore,2000,sbruckstein4n@photobucket.com,296-252-9435,5 Larry Drive,8,6,1/21/1988,dropped,6165,true,205747031,,14,,168,false
990200338,Eleonora,Jenifer,Emmitt,Junior,2017,pemmitt4o@illinois.edu,297-250-1054,164 Spenser Alley,3,10,4/15/1989,abroad,1677,false,489308615,,7,,169,false
922452674,Melony,,Gerding,Sophomore,2018,rgerding4p@yellowpages.com,782-201-5363,7 Melody Plaza,9,9,9/23/1997,active,2950,false,173934133,,7,,170,false
938369460,Torrie,Paddie,Hagan,Freshman,2011,fhagan4q@google.es,120-356-0415,734 Fulton Road,5,23,7/13/1992,abroad,7370,true,667078926,,24,,171,true
974737919,Gertie,,Aplin,Freshman,2009,raplin4r@fotki.com,782-588-1768,2008 Bultman Avenue,7,14,4/19/1988,abroad,4657,true,830661041,,24,,172,false
921082996,Blinnie,Quill,Ellerby,Freshman,2005,jellerby4s@sakura.ne.jp,243-862-0335,726 Continental Avenue,8,37,4/1/1996,transfered,7487,true,245070924,,14,,173,true
919822254,Hale,Ashely,Birtles,Freshman,2017,cbirtles4t@patch.com,951-896-9409,34 Dovetail Park,8,40,8/21/1991,transfered,7863,true,962006649,Crissie,24,,174,false
902127598,Kienan,Zerk,Raffon,Senior,2013,rraffon4u@friendfeed.com,255-263-0556,4187 Little Fleur Terrace,7,7,3/24/1991,abroad,6823,false,641798195,,14,,175,false
965439155,Gerry,,Henaughan,Senior,2010,ahenaughan4v@zimbio.com,766-577-9275,28 Sundown Street,2,17,4/10/1996,dropped,8560,true,136089687,,14,,176,true
999370823,Karisa,Angelica,Zamudio,Sophomore,2010,lzamudio4w@blogs.com,931-370-3262,2094 Oriole Hill,8,2,12/3/1988,active,6988,true,790894410,,7,,177,false
981270143,Amble,Carroll,Wolfers,Junior,2005,cwolfers4x@who.int,556-780-8702,58 Tomscot Pass,2,11,8/7/1990,abroad,9454,false,215911313,,24,,178,true
986033795,Nadia,Vincent,Woollons,Senior,2011,ewoollons4y@china.com.cn,739-113-9222,1 Toban Center,4,12,10/15/1995,active,7601,true,853943829,,24,,179,false
980714413,Harmonie,Murial,Chattelaine,Freshman,2019,gchattelaine4z@discovery.com,313-491-2206,62239 Transport Plaza,9,39,3/12/1996,dropped,1686,true,169011902,,7,,180,true
991633276,Rebe,Gradey,Cotterell,Sophomore,2016,ccotterell50@xrea.com,438-457-6034,17785 Anniversary Terrace,3,22,2/15/1989,deferred,9871,false,614909039,Clementina,7,,181,true
938854406,Perle,,Alp,Freshman,2012,malp51@jimdo.com,296-486-2563,896 Bayside Center,4,5,3/17/1997,transfered,1661,true,335397196,,24,,182,false
987283852,Ebony,,Hutchings,Sophomore,2007,jhutchings52@indiegogo.com,210-375-8082,57071 Daystar Place,3,11,8/28/1997,abroad,9826,true,492198262,,14,,183,false
944327885,Vittoria,Finley,Pedrazzi,Sophomore,2008,apedrazzi53@meetup.com,801-288-6325,857 Di Loreto Hill,2,30,9/4/1993,deferred,9113,true,735318392,,14,,184,false
976345191,Rafael,,Staneland,Sophomore,2007,kstaneland54@phpbb.com,679-447-2106,2 Eastwood Place,5,6,5/20/1994,deferred,8732,true,765969758,Kelly,14,,185,false
993584479,Celesta,Osgood,Whibley,Sophomore,2018,rwhibley55@meetup.com,640-733-3276,4 Gulseth Court,4,6,3/14/1995,dropped,7883,true,467053719,,24,,186,false
908084775,Kendra,Simonne,Sellar,Junior,2012,asellar56@webmd.com,434-594-5790,1517 4th Pass,7,35,12/10/1991,dropped,1233,false,663503780,,7,,187,false
912430191,Wren,Rabbi,Wasselin,Senior,2019,mwasselin57@vkontakte.ru,904-351-6552,211 Eagan Pass,1,25,8/31/1990,abroad,8075,false,441819121,Mitchell,24,,188,false
906817815,Nadya,Chalmers,Poundford,Junior,2000,bpoundford58@icq.com,984-939-9130,094 Briar Crest Lane,4,13,4/28/1990,active,5302,true,695009903,,24,,189,true
906130739,Etienne,,Hartil,Sophomore,2009,rhartil59@google.com,800-603-8796,58 Esker Center,6,34,12/21/1992,abroad,9565,false,774155718,,14,,190,false
997955298,Cissy,Flo,Garvan,Sophomore,2008,ggarvan5a@miitbeian.gov.cn,621-408-9046,353 Charing Cross Junction,10,29,2/25/1990,transfered,9374,false,281012291,Gene,7,lol,191,false
983724868,Teirtza,,Soldan,Sophomore,2002,nsoldan5b@paypal.com,105-123-1830,0 Orin Park,5,19,7/22/1996,deferred,5923,false,927126284,Nicko,7,,192,false
907992423,Darcey,Vaughn,Chipping,Senior,2008,vchipping5c@phoca.cz,948-135-3906,995 Coolidge Park,9,29,10/8/1995,transfered,1030,true,930911917,,14,,193,true
957231128,Hank,Hilary,Pringour,Junior,2019,lpringour5d@go.com,749-130-3469,3 Lakewood Parkway,7,12,2/3/1990,transfered,2292,false,198473921,,24,,194,false
982631601,Townsend,Jon,Sparshatt,Senior,2020,esparshatt5e@eventbrite.com,643-825-5855,578 Jenifer Circle,1,5,1/13/1990,active,2038,false,281600725,,7,,195,true
961900375,Christy,Ardelia,Naisbet,Senior,2000,lnaisbet5f@army.mil,859-243-0544,2 Crescent Oaks Park,1,29,7/30/1996,dropped,1933,false,707744673,,24,,196,false
997525699,Darbie,Glenn,Scotts,Junior,2000,jscotts5g@techcrunch.com,897-465-2661,4420 Mitchell Place,3,3,1/31/1996,deferred,4834,true,517075047,,24,,197,false
905326388,Wynny,Everett,Gillatt,Freshman,2016,pgillatt5h@mac.com,739-395-0987,45 Schiller Trail,3,22,10/8/1990,dropped,1548,false,131809800,,7,,198,true
924432279,Dean,,Broadbere,Freshman,2006,cbroadbere5i@whitehouse.gov,469-809-3082,75735 Logan Lane,2,25,12/27/1992,dropped,3160,true,832381572,,7,,199,false
963632651,Ellerey,Pat,Lorens,Senior,2017,dlorens5j@google.es,185-987-8883,29165 Ronald Regan Pass,2,16,5/30/1990,active,6733,true,590678992,,24,,200,true
935997691,Thedrick,Gery,Bienvenu,Sophomore,2012,kbienvenu5k@xrea.com,541-617-5184,894 Village Lane,8,16,1/9/1993,deferred,7429,false,559420402,,14,,201,true
908925940,Kelcy,Berthe,Olliff,Freshman,2016,holliff5l@alibaba.com,840-338-7445,6 Delladonna Drive,4,31,8/12/1993,deferred,8030,false,926559875,Harcourt,24,,202,false
936205036,Ursala,Gerladina,Irnis,Senior,2001,mirnis5m@nyu.edu,715-808-6230,03 Holmberg Parkway,4,28,12/3/1989,deferred,8209,true,639915977,Mischa,14,,203,true
915907769,Randy,,Castella,Freshman,2014,ccastella5n@wordpress.com,542-343-2887,6 Heffernan Terrace,8,24,8/8/1997,dropped,8729,false,752487636,Carlyn,24,,204,false
976817337,Myrlene,Rosemonde,Winkett,Senior,2009,swinkett5o@nifty.com,938-755-4028,35 Di Loreto Parkway,4,18,3/3/1995,active,6540,false,122271094,,14,,205,true
915275664,Dean,Derek,Bage,Senior,2020,nbage5p@loc.gov,631-738-1374,8349 Gerald Junction,4,29,3/18/1997,transfered,2759,true,669581060,North,7,,206,false
922235874,Lloyd,,Donati,Freshman,2014,gdonati5q@list-manage.com,690-398-0726,21557 Melody Place,6,8,4/4/1988,transfered,9993,true,726652859,,24,lol,207,false
988833082,Hercules,Karoly,Friese,Junior,2011,nfriese5r@people.com.cn,386-251-0125,5946 Meadow Valley Road,6,16,6/16/1994,active,7953,false,797307888,,24,,208,true
948771864,Claudetta,Christean,Leece,Junior,2001,sleece5s@fc2.com,983-104-6758,9 Loomis Junction,3,6,6/11/1996,active,4434,true,982604658,,14,,209,false
956865927,Gisele,Linnell,Roubeix,Senior,2011,groubeix5t@cnn.com,561-609-7633,126 Holy Cross Parkway,3,16,1/8/1995,dropped,8110,true,152655677,Garrek,14,,210,true
961956707,Ansley,Naoma,Bardell,Sophomore,2019,dbardell5u@opera.com,180-291-0029,107 Fairview Trail,9,27,7/2/1990,dropped,5374,true,804709218,,7,,211,true
999633658,Bernardine,Katerina,Fosdick,Senior,2012,mfosdick5v@phoca.cz,847-778-3080,60 Killdeer Avenue,3,4,4/29/1988,transfered,6274,true,621331160,,14,,212,true
996765045,Alfredo,,Burgane,Freshman,2006,gburgane5w@discovery.com,387-292-2475,17449 Everett Crossing,4,27,5/16/1993,abroad,7430,false,129298724,,24,,213,true
960472890,Gorden,Hynda,Guirard,Sophomore,2020,aguirard5x@rambler.ru,719-544-8456,41330 Tennyson Way,3,9,5/29/1997,transfered,9913,true,361290899,,14,,214,true
957213521,Shae,Garwin,Barthel,Junior,2008,rbarthel5y@list-manage.com,513-372-6952,2 Katie Trail,3,9,2/17/1995,active,9028,true,241607834,,7,,215,false
930840147,Crin,Jaimie,Gerring,Senior,2002,pgerring5z@msn.com,737-315-3938,542 Hooker Hill,6,17,8/10/1995,active,1196,true,247444398,Perren,14,,216,false
939599202,Beth,,Tourmell,Freshman,2019,atourmell60@tuttocitta.it,247-957-3696,834 Fieldstone Hill,6,13,11/26/1995,abroad,9556,false,384805078,,24,,217,false
918180971,Janeen,,Wilcocke,Freshman,2018,ewilcocke61@symantec.com,407-157-3718,484 Oak Hill,9,27,1/8/1988,abroad,6062,true,333504414,Em,14,,218,true
905191183,Corey,Charline,Alltimes,Senior,2013,kalltimes62@cnn.com,563-606-0950,7 Haas Crossing,1,31,1/8/1995,deferred,7071,true,254145617,Kristen,24,,219,false
984775073,Toni,Corbin,Patifield,Freshman,2017,cpatifield63@upenn.edu,823-497-7016,63 Sundown Point,7,33,11/22/1991,abroad,1569,false,955845483,,14,,220,false
920539863,Gerrilee,Delila,Tinsley,Junior,2015,gtinsley64@cbsnews.com,517-797-2622,707 Lake View Place,8,27,10/24/1993,transfered,9659,false,979002191,Glynda,24,,221,false
919204902,Flss,,McGrudder,Junior,2019,imcgrudder65@omniture.com,382-928-6508,9 Mcguire Avenue,6,30,12/29/1990,dropped,1974,true,579532129,,7,,222,true
972182885,Marlee,Vickie,Oppery,Junior,2008,aoppery66@hud.gov,680-977-8460,43 Dawn Point,5,14,6/29/1990,transfered,1744,false,418877886,Amby,14,,223,true
979704683,Murdoch,,Ricker,Senior,2014,lricker67@homestead.com,235-431-2690,755 Crowley Drive,1,24,2/6/1993,active,4393,false,512625745,Lynn,24,,224,false
913398961,Holt,,Fearney,Sophomore,2005,mfearney68@redcross.org,164-731-2098,954 Dixon Center,7,6,11/3/1996,dropped,5405,true,168682302,Mellie,7,,225,true
923034811,Doralyn,Lil,Chaters,Freshman,2006,dchaters69@springer.com,634-784-1017,7737 Heath Court,7,11,6/9/1993,abroad,5987,true,475739427,,24,,226,true
950080258,Ginny,Falkner,Boome,Sophomore,2009,bboome6a@plala.or.jp,179-812-6724,20 Arapahoe Center,4,29,2/22/1993,deferred,8689,true,560961623,Bea,14,,227,true
915316807,Melisande,Lowrance,Tyhurst,Junior,2016,styhurst6b@woothemes.com,265-651-1177,993 Di Loreto Plaza,9,30,2/18/1988,deferred,4604,false,794722594,,7,,228,true
999276339,Jareb,Rollo,Tweedle,Freshman,2016,mtweedle6c@vinaora.com,616-367-9329,79 Rockefeller Park,1,28,1/29/1989,dropped,1326,true,797216081,,24,,229,true
923638963,Whit,Stesha,Ditter,Freshman,2013,cditter6d@people.com.cn,149-119-8668,3 5th Circle,8,27,3/9/1991,transfered,6153,true,628755516,,7,,230,false
938447275,Jesse,Cesar,Domenici,Freshman,2005,kdomenici6e@nyu.edu,965-713-8186,452 Calypso Road,1,30,1/12/1996,dropped,4585,true,346205426,,14,,231,true
958294321,Lyndsay,Antonio,Goldspink,Junior,2016,rgoldspink6f@icio.us,848-852-3920,96491 Pawling Plaza,10,26,3/26/1996,active,5531,true,171968265,,14,,232,true
918535621,Rosalia,Derron,Sneyd,Sophomore,2013,tsneyd6g@sphinn.com,208-697-8400,1622 Monica Trail,3,3,12/25/1994,transfered,6131,false,718103686,Timothea,14,,233,true
980998059,Moyra,Amabelle,Whiteway,Freshman,2003,gwhiteway6h@psu.edu,611-759-4430,5830 Carpenter Road,5,4,11/21/1989,abroad,7776,true,396077061,Gardie,14,,234,true
951407184,Ram,Filmer,Hammerich,Sophomore,2017,phammerich6i@google.ru,959-431-2302,67494 Katie Road,4,36,10/11/1990,transfered,7392,false,692721811,,24,,235,true
998747931,Rora,,Ecob,Junior,2001,secob6j@craigslist.org,847-206-0936,3374 Blaine Junction,9,27,12/15/1993,transfered,8035,true,201258835,,7,,236,false
933997784,Eldridge,Arly,Brislan,Junior,2002,bbrislan6k@pagesperso-orange.fr,788-414-1261,23 North Trail,2,6,8/28/1997,abroad,4144,false,716648030,,14,,237,false
977760853,Karola,Jacklyn,Depper,Senior,2005,cdepper6l@arizona.edu,434-420-0730,1651 Melvin Road,10,16,10/11/1997,dropped,2926,false,146379947,,7,,238,true
927095618,Cassey,Mitchael,Keates,Sophomore,2010,ekeates6m@cnn.com,643-659-6441,8918 American Alley,1,28,4/23/1995,deferred,6466,false,740653842,,7,lol,239,false
962099684,Adrien,Charissa,Pidgen,Junior,2004,apidgen6n@google.pl,104-705-9141,12 Dorton Parkway,10,4,12/18/1997,transfered,7773,true,837648534,Albertina,14,,240,false
909201834,Gustave,,Schultes,Senior,2008,pschultes6o@sbwire.com,555-981-8038,44783 Mandrake Place,8,9,3/21/1994,abroad,2148,true,965163036,,14,,241,false
976157224,Cymbre,Elke,Stollsteimer,Junior,2018,kstollsteimer6p@cloudflare.com,147-676-0909,3054 Corben Street,9,13,3/22/1990,transfered,3264,false,761618561,,24,,242,false
930447316,Isidor,Brucie,Fellow,Junior,2001,jfellow6q@plala.or.jp,430-472-0059,0230 Scofield Road,7,23,8/6/1997,abroad,1056,false,358987375,,14,,243,true
969305167,Vernen,Kerk,Desborough,Junior,2004,edesborough6r@hibu.com,890-921-3354,0482 Nevada Avenue,3,35,7/29/1996,abroad,8742,false,115080642,,7,,244,false
946164979,Roscoe,Lanna,Baiden,Sophomore,2000,rbaiden6s@ask.com,529-537-3314,9 Anzinger Crossing,8,39,4/25/1993,deferred,9294,false,463561373,,14,,245,false
985574549,Margi,Teddie,Grumbridge,Sophomore,2018,fgrumbridge6t@ft.com,937-576-3725,40 Goodland Point,1,7,9/30/1997,transfered,5422,false,539234544,,7,,246,true
935766694,Colas,Jennilee,Pontin,Sophomore,2004,bpontin6u@ft.com,475-806-7242,34025 Portage Junction,8,15,7/10/1990,dropped,6668,true,207803586,Betteanne,24,,247,true
998592781,Mona,,Ondrak,Sophomore,2009,aondrak6v@elegantthemes.com,481-186-6533,398 Fallview Way,5,16,3/4/1991,deferred,6314,true,185442033,Almira,24,,248,true
968991412,Ethyl,Phil,Lenin,Junior,2005,alenin6w@wikispaces.com,906-189-0460,178 Fallview Place,3,36,8/28/1996,abroad,3798,false,218159726,,24,,249,true
939253712,Willa,Karlee,Gooderham,Sophomore,2008,egooderham6x@free.fr,917-602-0634,2793 Lillian Parkway,10,24,3/29/1991,dropped,5112,true,600593869,,24,,250,true
957753472,Dan,Fanni,Tesdale,Freshman,2003,stesdale6y@bloglines.com,450-736-5887,05532 Walton Park,1,17,5/30/1988,active,7066,false,895260103,,7,,251,false
944854257,Clemens,Malina,Cheatle,Junior,2014,bcheatle6z@pcworld.com,818-423-8169,54 Rockefeller Junction,1,30,9/3/1988,deferred,6647,false,730648807,Bonita,7,,252,true
984473868,Viviyan,Halli,Macveigh,Junior,2018,mmacveigh70@1und1.de,642-182-0089,798 Welch Park,5,9,3/17/1989,transfered,3301,false,911594255,,7,,253,false
960176140,Yves,Roderick,Heasman,Senior,2000,jheasman71@blogger.com,214-598-6120,429 Mandrake Circle,7,9,2/1/1989,transfered,5858,true,598098154,,24,,254,false
926934775,Ebba,Pru,McDuffy,Sophomore,2013,cmcduffy72@homestead.com,501-297-1087,56679 Esker Circle,10,17,5/18/1995,active,3167,false,645604414,,7,,255,true
997191624,Raynard,,Yelland,Freshman,2011,ryelland73@ted.com,662-220-4609,6 Atwood Circle,5,9,9/9/1994,abroad,3906,false,458383678,,7,,256,false
965963803,Willie,,Augustus,Sophomore,2017,laugustus74@kickstarter.com,133-845-2106,12 Acker Lane,10,26,7/23/1988,active,9474,false,687326391,,7,,257,true
922866072,Brigg,Chic,Paulton,Sophomore,2002,spaulton75@wix.com,112-850-7105,7 Little Fleur Avenue,3,6,2/27/1993,dropped,3385,true,695122978,,14,,258,true
942740157,Ainslee,Lemar,Baud,Freshman,2002,rbaud76@woothemes.com,824-208-0029,12870 East Place,7,39,5/16/1991,active,3052,false,295709242,,24,,259,false
959051740,Moss,Denise,Egre,Sophomore,2006,cegre77@harvard.edu,909-850-9101,6515 Moose Junction,9,40,9/9/1996,deferred,2444,false,364045209,Cate,14,,260,true
988459342,Richie,Gwendolyn,Durtnall,Senior,2009,bdurtnall78@networkadvertising.org,659-620-9498,2 Everett Hill,10,27,4/30/1996,dropped,7785,true,680691034,Brigitte,14,,261,true
904651070,Gaylord,Duncan,Koopman,Freshman,2002,tkoopman79@go.com,899-107-0478,7 Fairview Point,2,22,4/9/1988,active,9448,false,939168976,Terencio,14,,262,false
912116210,Rufus,Claudie,Muro,Sophomore,2008,ymuro7a@japanpost.jp,523-829-5566,4 Harbort Parkway,3,4,1/31/1988,active,1615,false,525105542,Yank,7,,263,true
980347086,Philippe,Lennie,Ledwich,Junior,2013,cledwich7b@skyrock.com,195-548-3382,325 Bobwhite Lane,3,2,3/26/1996,deferred,5346,false,643377215,,7,,264,true
954343748,Lavinie,Happy,Coppo,Junior,2017,qcoppo7c@salon.com,126-127-1310,46317 Talmadge Parkway,2,25,1/21/1994,active,5797,false,661353928,Queenie,24,,265,true
993605191,Burch,Chrissy,Patrono,Sophomore,2010,dpatrono7d@cpanel.net,735-370-5721,31870 Tennyson Place,7,27,5/19/1991,deferred,3936,false,905310856,,24,,266,false
926884226,Ariella,Carolee,Brosetti,Senior,2011,nbrosetti7e@illinois.edu,619-385-1431,52 Ridgeway Plaza,2,4,6/15/1993,active,9253,false,615040663,,24,,267,false
926620058,Alice,Nefen,Plaskett,Sophomore,2007,jplaskett7f@zdnet.com,398-504-3267,68061 Oriole Pass,8,7,12/25/1992,abroad,3301,true,929258160,,14,,268,false
942112195,Alejandrina,Hendrik,Tinham,Sophomore,2001,wtinham7g@joomla.org,626-761-9703,213 Springs Hill,9,23,11/5/1993,abroad,1483,true,535703646,,7,,269,true
997153673,Dorisa,Freddy,Lorentzen,Sophomore,2001,clorentzen7h@networksolutions.com,495-423-8254,538 Mendota Plaza,3,8,12/6/1991,dropped,8116,false,264599839,,7,,270,false
943451133,Derrik,,Raynton,Junior,2003,draynton7i@wordpress.com,344-622-1161,67 Londonderry Way,5,18,6/12/1989,abroad,6403,true,569000970,Dante,14,,271,true
981882627,Gael,,Marousek,Senior,2016,wmarousek7j@vinaora.com,760-778-3020,48048 8th Circle,6,27,7/26/1993,dropped,7461,false,231962286,,7,,272,true
902730007,Nollie,Monti,Minghetti,Senior,2016,gminghetti7k@behance.net,617-673-7240,209 Mosinee Hill,10,4,10/6/1994,dropped,3796,true,805532027,Gennifer,24,,273,false
984871185,Sibley,Karalee,Parradine,Sophomore,2004,gparradine7l@tinypic.com,442-405-9920,87 Pankratz Street,1,12,8/5/1996,deferred,2814,false,212356608,,14,lol,274,false
931298537,Bart,Patric,Bulbeck,Senior,2003,rbulbeck7m@eepurl.com,344-503-2990,946 Manitowish Street,8,3,3/11/1990,abroad,3135,true,381022076,Randell,24,,275,false
928129911,Marie-jeanne,Jerad,Leggan,Senior,2012,bleggan7n@qq.com,292-872-8669,2 Superior Circle,10,32,2/26/1993,dropped,6091,true,360217073,,24,,276,false
935695440,Sabina,Felizio,Gates,Senior,2000,mgates7o@sciencedirect.com,763-800-8387,81 Nova Circle,9,10,8/12/1991,abroad,9762,true,500148526,,7,,277,true
928292471,Walther,,Escalero,Freshman,2010,iescalero7p@networkadvertising.org,781-684-5962,620 Linden Pass,9,4,10/1/1994,transfered,3854,false,720619665,Ikey,24,,278,false
972868572,Jan,,Serjeant,Sophomore,2001,fserjeant7q@biblegateway.com,810-571-8340,2232 Washington Lane,9,5,9/11/1995,abroad,4404,false,899825718,,24,,279,false
918749857,Leicester,Joyce,Selesnick,Junior,2017,fselesnick7r@ifeng.com,151-994-5775,41 Hanover Trail,8,32,9/19/1989,transfered,7700,false,430485111,,24,,280,false
938009377,Gertie,Vince,Haime,Senior,2001,vhaime7s@hp.com,590-675-7111,36 Main Park,4,28,7/8/1990,abroad,8966,false,218231731,Valentijn,7,,281,false
953462737,Worth,,Ashborne,Sophomore,2019,aashborne7t@ucsd.edu,266-379-6876,85405 Lunder Avenue,10,6,4/4/1994,deferred,8522,true,567486247,Allys,14,,282,false
991423381,Ivory,Corena,Childes,Sophomore,2000,bchildes7u@gmpg.org,509-759-5609,24 Monterey Terrace,1,30,11/17/1991,deferred,6350,false,720302336,,7,,283,false
966213972,Lidia,,Strotone,Junior,2007,wstrotone7v@sourceforge.net,945-951-7093,0307 Harper Junction,3,24,3/10/1993,transfered,7610,true,212892875,,14,,284,true
917613864,Melisse,Damon,Denkel,Sophomore,2010,adenkel7w@noaa.gov,388-436-7716,0 Annamark Terrace,4,9,6/11/1993,active,1682,false,597470960,,7,,285,false
970187148,Silvio,,Andersen,Senior,2011,tandersen7x@opera.com,244-265-6480,57 David Lane,9,28,11/14/1988,dropped,3726,false,281212179,,7,,286,false
919644519,Mira,Maximilianus,Lequeux,Junior,2013,slequeux7y@php.net,428-385-5594,29723 Mcbride Point,2,16,9/21/1995,active,5013,false,678184132,,14,,287,false
968579864,Letty,Cedric,Balogh,Sophomore,2010,abalogh7z@dailymotion.com,219-609-9791,5 Helena Alley,8,35,5/11/1993,active,6224,true,608197149,,14,,288,true
931058894,Nelson,Christen,Braksper,Freshman,2016,tbraksper80@nyu.edu,185-821-7735,769 Mayfield Court,5,8,3/3/1994,dropped,5735,true,100695842,,14,,289,false
910840935,Augusto,,Juschke,Freshman,2020,wjuschke81@de.vu,869-822-1161,38251 Dryden Road,1,3,4/12/1995,active,5190,false,285143077,,14,,290,false
997037815,Zola,Ed,Yushachkov,Junior,2011,dyushachkov82@icq.com,679-142-6542,6 New Castle Street,7,22,7/15/1994,dropped,7192,false,332616214,Daveen,24,,291,false
952615100,Delano,Sal,Corteis,Junior,2012,pcorteis83@ameblo.jp,400-520-4270,37659 Bellgrove Hill,3,30,3/9/1990,dropped,6003,false,609293747,,24,,292,false
971363593,Danice,Angelo,Reihill,Freshman,2007,dreihill84@wp.com,466-466-1338,0 Norway Maple Center,5,3,7/30/1989,deferred,3636,false,505483311,Dosi,24,,293,false
901235985,Kizzie,Anetta,Gatsby,Sophomore,2004,sgatsby85@unesco.org,197-914-2579,389 Main Alley,1,20,8/28/1991,active,6658,true,642641785,,14,,294,true
914825574,Hilary,Chloe,Yorke,Sophomore,2008,myorke86@phpbb.com,233-427-2115,10 Sunbrook Junction,4,23,10/8/1991,abroad,9055,false,759697808,,7,,295,true
913218174,Hatti,Giorgi,Cobbe,Junior,2009,rcobbe87@howstuffworks.com,646-249-2458,8 Oakridge Pass,9,29,4/3/1997,deferred,3527,true,280285007,,24,,296,false
980076508,Sylvester,Orelee,Flavelle,Senior,2013,vflavelle88@yelp.com,180-727-6867,8 Rieder Road,5,17,12/21/1991,abroad,4554,false,390425809,Vanna,24,,297,false
954886880,Eryn,Arie,Greaser,Freshman,2020,ggreaser89@google.fr,934-674-3500,14926 Prentice Hill,3,5,2/23/1992,abroad,4865,false,655732387,,24,,298,false
990292044,Blondy,,Dennidge,Sophomore,2003,sdennidge8a@gmpg.org,303-852-5522,46829 Pine View Center,4,22,5/18/1991,active,8165,false,532079702,,14,,299,true
924574519,Kit,Noelani,Bernier,Sophomore,2005,lbernier8b@illinois.edu,273-652-4375,5 Comanche Point,2,27,5/6/1990,dropped,6970,true,786523233,,24,,300,true
904391191,Cate,Tadeas,Clemitt,Junior,2017,kclemitt8c@gmpg.org,499-213-3249,3 Brickson Park Parkway,7,22,7/2/1990,active,3381,true,589364933,Kearney,7,,301,true
947612753,Conant,Estele,Elwell,Junior,2000,lelwell8d@joomla.org,919-425-9483,51640 Hooker Place,3,30,7/9/1991,dropped,5650,false,131124324,,7,,302,true
906658659,Flo,Regine,Nozzolii,Freshman,2018,enozzolii8e@economist.com,835-325-5107,2 Knutson Center,8,29,11/3/1988,active,7275,true,375176681,,24,,303,false
962362276,Renae,Maddie,Benck,Freshman,2012,lbenck8f@1688.com,720-515-2824,37572 Prairieview Pass,3,29,8/20/1990,deferred,7132,true,469192646,,7,,304,true
963519741,Gennifer,Lissi,Ludgate,Sophomore,2005,kludgate8g@google.pl,120-590-0058,1734 Lotheville Junction,3,28,8/15/1996,dropped,6738,false,237351070,Kacie,7,,305,true
917675216,Dottie,Trueman,Friedlos,Junior,2011,jfriedlos8h@mit.edu,867-273-6983,9 Trailsway Street,7,31,11/15/1995,active,4825,true,250907562,,24,,306,true
988941891,Licha,Alonzo,Anmore,Senior,2008,janmore8i@themeforest.net,363-725-6734,9 Carberry Alley,1,21,12/14/1996,dropped,7178,true,390792967,,7,,307,false
905027595,Pinchas,Nariko,Knappitt,Junior,2002,eknappitt8j@upenn.edu,409-935-6355,79689 Laurel Lane,2,26,5/10/1990,deferred,5461,false,787618288,Edouard,7,,308,false
922141056,Jake,,Verdy,Freshman,2016,mverdy8k@hubpages.com,647-537-5339,64 New Castle Trail,5,27,3/21/1993,deferred,5356,true,320816156,,7,,309,true
905621633,Phaedra,,Tuck,Freshman,2006,wtuck8l@yellowpages.com,836-819-8457,88455 Loeprich Crossing,1,26,6/18/1993,transfered,3301,true,846678423,Weidar,7,,310,true
937334399,Harald,Karry,O'Farris,Senior,2014,aofarris8m@thetimes.co.uk,919-936-2693,60200 Acker Road,4,23,5/25/1991,dropped,3521,false,147000013,,24,,311,true
991521472,Frasco,Caren,Machon,Sophomore,2016,hmachon8n@sogou.com,716-904-7707,36 Chive Street,3,21,2/23/1991,transfered,4941,false,507825503,,24,,312,false
926551540,Velvet,Arly,Huson,Senior,2013,khuson8o@nps.gov,685-216-2588,940 Brown Terrace,2,27,7/2/1989,deferred,8643,true,163438217,,24,,313,false
904939951,Shelagh,Timmi,Micah,Junior,2018,cmicah8p@live.com,806-910-9369,8 Vera Circle,10,25,3/24/1995,dropped,2427,true,971918537,Corinne,7,,314,true
937052012,Blondelle,,Tann,Sophomore,2001,ktann8q@fda.gov,581-479-2284,1 Barnett Trail,9,4,1/3/1996,dropped,6745,false,350650828,Kiri,14,,315,true
911826610,Jacinda,Vidovik,Flett,Freshman,2019,mflett8r@scientificamerican.com,456-145-0729,925 Brickson Park Plaza,2,15,4/17/1996,active,6969,false,720367751,,7,,316,true
909302796,Brynn,Vinny,Bickerstaffe,Junior,2001,cbickerstaffe8s@youtube.com,643-623-4594,93 Hollow Ridge Alley,8,15,5/19/1993,deferred,4987,false,710613743,,24,,317,true
918882752,Ari,Gwenneth,Clutterbuck,Junior,2008,eclutterbuck8t@fotki.com,456-567-6500,289 Sauthoff Place,7,22,11/16/1988,active,4788,true,431930691,,24,,318,true
994108586,Humfried,Seka,Timny,Freshman,2006,ltimny8u@bluehost.com,418-892-7097,211 Superior Junction,3,15,8/3/1992,dropped,7227,true,471632026,,24,,319,false
960763274,Deloria,Horten,MacGaughy,Sophomore,2019,fmacgaughy8v@infoseek.co.jp,808-415-9692,24281 Spohn Avenue,3,2,11/6/1994,dropped,7194,false,707976151,Farah,14,,320,true
998015450,Shae,Candace,Canepe,Sophomore,2019,ccanepe8w@usatoday.com,553-865-8567,4 Bluestem Lane,7,33,8/15/1997,transfered,7830,false,820001115,,14,,321,true
971048089,Hanan,Fina,Lowthian,Senior,2008,rlowthian8x@homestead.com,339-612-0179,9 Florence Avenue,1,36,2/4/1995,abroad,2625,false,202585237,Raffaello,7,,322,true
964189074,Chelsae,Gert,Tichner,Freshman,2019,mtichner8y@pinterest.com,860-936-2429,5091 Old Gate Hill,7,10,7/23/1997,abroad,3739,true,996509830,Mace,14,,323,false
963158952,Lynnell,,Eckhard,Sophomore,2010,deckhard8z@hibu.com,924-452-3004,343 Fairview Way,2,8,9/2/1991,transfered,1713,false,496049719,,24,,324,true
953527782,Freeland,Effie,De Beauchamp,Sophomore,2014,fdebeauchamp90@rediff.com,456-300-1897,7733 Hoepker Crossing,10,37,7/12/1994,dropped,5445,true,150107941,Forster,14,,325,true
984853411,Katleen,Vonny,Leatt,Freshman,2017,dleatt91@oaic.gov.au,905-159-2098,04 American Parkway,10,35,4/23/1995,dropped,9417,true,851222341,Darb,14,lol,326,true
916263570,Filia,Addy,Stannas,Senior,2015,estannas92@newyorker.com,651-872-6212,2 Nova Trail,2,7,11/12/1991,active,6480,true,914676275,,7,,327,false
901878148,Dorthea,,Rubinek,Senior,2018,rrubinek93@hexun.com,200-179-4269,23 Jenifer Parkway,1,18,5/14/1996,active,7705,false,499383651,,24,,328,false
989375329,Aeriell,Taylor,Portchmouth,Freshman,2012,kportchmouth94@gravatar.com,326-113-6646,28 Onsgard Circle,10,14,10/30/1992,active,1728,true,232287259,,7,,329,false
916767726,Towney,Evaleen,Quesne,Junior,2000,aquesne95@mit.edu,733-933-2427,3 Memorial Circle,3,18,1/7/1988,transfered,6415,true,946587951,Ax,14,lol,330,true
960138809,Ardisj,,Tyhurst,Sophomore,2007,etyhurst96@samsung.com,702-140-7967,440 Fair Oaks Junction,10,29,8/3/1997,deferred,8092,true,305664063,,7,,331,true
968065059,Cristina,Sibley,Skoof,Senior,2017,sskoof97@smh.com.au,698-699-3343,6093 Florence Alley,6,10,6/13/1996,deferred,1160,true,669911974,,24,,332,true
918843500,Nickie,Donetta,Dassindale,Sophomore,2016,sdassindale98@opera.com,327-143-4333,4 Florence Avenue,8,24,10/7/1995,active,8377,true,454662582,,7,,333,false
921553436,Veradis,Dallon,Whimper,Junior,2017,wwhimper99@networksolutions.com,569-182-9039,6926 Surrey Avenue,4,35,11/8/1994,transfered,5076,false,464622310,,7,,334,false
967995488,Birdie,Malissa,Strathdee,Sophomore,2014,sstrathdee9a@ow.ly,435-126-5398,6 Fisk Point,6,31,9/27/1992,active,6746,true,384932509,,24,,335,true
970722615,Norbie,,Elbourne,Senior,2015,belbourne9b@usatoday.com,834-364-4081,85016 Acker Way,3,21,8/22/1990,deferred,9999,false,640073049,,24,,336,false
931280174,Parke,Myriam,Mundle,Freshman,2017,gmundle9c@pbs.org,241-988-5856,367 Reindahl Circle,4,37,12/1/1996,abroad,5761,true,513999154,,24,,337,false
987642745,Prent,Erasmus,Ranklin,Sophomore,2018,lranklin9d@ibm.com,654-335-6480,344 Springview Way,10,1,3/17/1994,abroad,7106,true,943368440,,14,,338,true
980915504,Agna,,Krysztofiak,Sophomore,2003,mkrysztofiak9e@4shared.com,888-733-3930,987 Dapin Lane,7,12,2/14/1988,active,9550,false,661798265,,7,,339,false
961754006,Fleur,Kurt,Eliaz,Senior,2016,meliaz9f@adobe.com,676-248-2374,729 Arkansas Way,1,10,7/4/1993,active,3721,false,894905425,,24,,340,true
951668487,Rikki,Rusty,Blanckley,Sophomore,2014,kblanckley9g@samsung.com,322-727-9643,9 Hoffman Pass,8,15,4/7/1994,deferred,6793,false,876061437,,14,,341,true
938051021,Lianna,Lissa,Sirrell,Sophomore,2016,csirrell9h@nba.com,281-925-9344,80073 Forster Parkway,7,35,5/29/1997,transfered,8691,false,653210489,,14,,342,false
912743164,Estevan,,Giddings,Freshman,2007,wgiddings9i@imgur.com,968-664-7946,531 Messerschmidt Court,7,5,11/7/1989,active,2987,false,374060825,,24,,343,false
945945690,Lyman,,York,Sophomore,2016,syork9j@state.tx.us,380-650-3858,16653 Mifflin Drive,2,14,8/6/1988,abroad,1889,false,404154410,,24,,344,false
959428263,Devinne,,Casotti,Sophomore,2020,ccasotti9k@booking.com,189-734-8799,17622 Basil Avenue,9,32,7/9/1991,transfered,2380,true,436427794,,7,,345,true
989087568,Chad,Wynny,Manwaring,Senior,2012,emanwaring9l@europa.eu,634-606-2589,1929 Heffernan Street,2,10,6/15/1997,dropped,8674,true,350653777,Efrem,14,,346,true
937962617,Avery,Felix,Skully,Junior,2010,askully9m@cbc.ca,516-129-6487,19298 Bunting Plaza,1,18,5/5/1994,active,8921,false,605237493,Alisun,14,,347,false
984859778,Charmane,Luce,Manhare,Senior,2013,cmanhare9n@upenn.edu,680-990-5483,2 Hansons Junction,7,36,4/9/1990,transfered,6922,true,853807334,,24,,348,false
973307510,Ernie,,Strutt,Freshman,2012,sstrutt9o@squidoo.com,629-745-9912,375 Declaration Place,7,18,10/24/1988,deferred,6190,true,951523175,,14,,349,true
915275424,Keene,Allistir,Vautrey,Senior,2018,tvautrey9p@google.ru,388-680-8547,605 Donald Center,6,28,8/29/1994,deferred,7728,true,964715587,,7,,350,true
924120855,Kattie,Lanni,Lamming,Junior,2001,clamming9q@latimes.com,674-492-6770,28 Warrior Avenue,6,30,8/29/1997,active,9002,true,561890766,,7,,351,false
940015278,Scarlet,Kennan,Colclough,Junior,2005,mcolclough9r@csmonitor.com,658-322-7402,6 Vernon Hill,10,25,12/24/1997,active,3765,true,429939708,,24,,352,false
945713566,Zia,Skippy,Juster,Senior,2007,hjuster9s@hatena.ne.jp,215-383-4852,54109 Huxley Road,7,5,1/2/1988,deferred,5408,true,622269587,,24,,353,true
909846299,Faith,Marcy,Sangster,Sophomore,2009,vsangster9t@bravesites.com,417-254-8465,7 Kensington Avenue,7,4,3/2/1991,transfered,7073,true,580137673,,7,lol,354,false
936995410,Elia,Vinnie,Dytham,Junior,2002,jdytham9u@mail.ru,672-975-6782,09567 Prairie Rose Parkway,6,15,10/15/1991,abroad,6184,true,723021131,,7,,355,false
917005199,Kylie,,MacAnellye,Freshman,2000,imacanellye9v@state.tx.us,740-489-4019,40 Westerfield Circle,8,19,10/12/1992,abroad,8634,true,935647938,,24,,356,true
904171553,Shurwood,Coletta,Birbeck,Junior,2003,mbirbeck9w@edublogs.org,361-108-3389,3444 Everett Alley,6,10,5/5/1994,deferred,7308,true,887792648,,24,,357,true
919843152,Renaldo,Britta,Bruffell,Freshman,2018,cbruffell9x@amazon.com,697-234-8678,94 Truax Way,10,16,11/30/1993,abroad,1511,false,293840207,,7,,358,true
911704374,Ange,Matias,Joubert,Junior,2012,rjoubert9y@squarespace.com,912-473-8042,8400 Corry Way,9,34,5/24/1995,transfered,5362,true,932215372,Roxie,7,,359,true
951163999,Katee,,Umpleby,Freshman,2001,rumpleby9z@photobucket.com,917-131-7464,12 Shelley Park,6,21,5/18/1988,transfered,7794,false,753100645,,24,,360,true
994591024,Bianca,Stanislaw,Kleisel,Junior,2013,lkleisela0@indiatimes.com,513-929-2588,89909 Jana Court,2,37,8/6/1992,deferred,7913,true,323258080,Lonni,14,,361,false
961763854,Johannes,Shane,Titcombe,Junior,2011,mtitcombea1@mac.com,280-467-6496,85351 Cardinal Crossing,3,39,9/12/1993,transfered,6633,true,979007872,Maribelle,7,,362,false
946517814,Teresita,,Manston,Sophomore,2014,lmanstona2@phoca.cz,981-321-1656,82 Jana Park,6,21,7/19/1988,abroad,1248,false,111642093,,14,,363,false
971300361,Marley,Sven,Assard,Senior,2020,sassarda3@behance.net,906-699-2385,21 Troy Point,9,40,4/21/1996,abroad,6918,true,922067257,,14,,364,false
945322158,Alejandrina,Bee,De Stoop,Freshman,2010,sdestoopa4@timesonline.co.uk,689-352-0721,1480 Manufacturers Trail,3,40,5/14/1995,dropped,1408,false,539855505,,24,,365,true
909428480,Maury,Leigh,Sotheby,Junior,2019,fsothebya5@jiathis.com,546-593-7261,02 Stuart Drive,9,3,5/7/1993,abroad,7128,true,638635800,,24,,366,false
923138311,Tremayne,,Poll,Sophomore,2004,epolla6@baidu.com,787-495-4472,07 Schurz Road,6,23,7/18/1992,transfered,1427,true,182372820,,7,,367,false
942288971,Keenan,,Gemson,Junior,2004,ggemsona7@cbslocal.com,707-888-1819,63513 Jenifer Point,6,20,12/25/1992,dropped,2380,false,606838685,,24,,368,false
935462150,Rance,Gwyneth,Gravestone,Senior,2007,jgravestonea8@live.com,311-453-5514,111 Harbort Court,5,25,9/6/1993,deferred,1191,false,777296189,Jesus,24,,369,false
952407942,Bronnie,,Uttridge,Junior,2018,outtridgea9@ibm.com,271-125-1917,4560 Logan Hill,2,9,4/29/1990,transfered,7010,false,590894177,,7,,370,false
977704421,Fidole,Ermina,Semiras,Freshman,2014,lsemirasaa@rakuten.co.jp,284-304-7481,3 Pond Crossing,4,19,2/12/1993,deferred,9171,false,920905166,,7,lol,371,false
991135351,Breanne,Reid,Dysert,Senior,2020,edysertab@twitter.com,888-128-7440,961 Grayhawk Junction,8,25,8/26/1994,dropped,2061,true,778719040,,24,,372,true
901666910,Maudie,Janna,Ellif,Sophomore,2019,dellifac@github.io,790-993-8326,3535 Ilene Way,1,1,12/17/1997,abroad,4011,false,542912220,,24,,373,true
998350743,Marline,Matilde,Mc Cahey,Junior,2002,rmccaheyad@dion.ne.jp,165-460-3989,2 Sutteridge Circle,1,37,5/26/1990,transfered,9706,true,853458727,,24,,374,false
972698718,Rustin,,Sivyer,Freshman,2010,msivyerae@nymag.com,850-730-7817,3199 Katie Center,2,18,1/21/1993,active,2962,true,812409876,,7,,375,false
918271443,Whitney,Ninon,Kellett,Freshman,2018,kkellettaf@behance.net,870-311-4942,0216 Arapahoe Road,8,4,8/2/1989,active,6446,true,970527116,,7,,376,false
972753021,Kelley,Laurence,Garahan,Sophomore,2014,ogarahanag@dailymail.co.uk,301-653-9179,322 Meadow Vale Center,6,21,10/13/1995,dropped,7180,false,500512714,,24,,377,true
953823836,Fionnula,Tally,Buddleigh,Junior,2017,ibuddleighah@umn.edu,236-258-7266,718 Waubesa Terrace,3,33,3/17/1991,abroad,5145,true,858741990,,14,,378,true
948469683,Blondie,Cobby,Kubal,Sophomore,2005,mkubalai@php.net,175-429-4786,84 Vermont Place,7,24,4/16/1994,abroad,7261,true,390245191,,7,,379,false
979663455,Farica,Filberto,Sinisbury,Senior,2002,lsinisburyaj@google.com.au,924-125-5591,2 Almo Hill,10,23,3/26/1997,dropped,3183,true,615574054,,14,,380,false
974677867,Munmro,,Redford,Senior,2001,tredfordak@google.ca,269-636-3122,32065 Stone Corner Hill,1,24,9/28/1997,transfered,5524,true,463863298,,7,,381,true
998408019,Yorke,Delphine,Macon,Sophomore,2009,bmaconal@digg.com,283-421-0224,957 Harbort Place,8,34,2/23/1988,active,9898,false,448632795,,7,,382,true
914153874,Trix,Jefferson,Campana,Freshman,2019,vcampanaam@feedburner.com,866-637-6224,304 Meadow Valley Lane,6,13,11/19/1995,dropped,4652,true,180494950,,14,,383,false
903007269,Fiona,,Wanley,Sophomore,2012,jwanleyan@who.int,503-484-9684,22 Weeping Birch Lane,3,40,12/10/1995,transfered,6021,false,365997778,,24,,384,true
981772667,Edouard,Jackie,Simonnin,Sophomore,2014,esimonninao@google.nl,107-298-4858,371 Holmberg Alley,2,15,3/8/1992,dropped,7034,true,150633472,Elset,7,,385,false
902706118,Archibaldo,Jammal,Restill,Sophomore,2003,srestillap@deviantart.com,554-821-8399,658 New Castle Terrace,10,18,5/5/1993,active,3133,true,630480271,,14,,386,false
907708078,Anabella,,Ackers,Junior,2002,tackersaq@reuters.com,892-819-9157,4 Anthes Park,6,15,2/14/1995,dropped,8350,false,745568975,Tyler,24,,387,true
940739799,Aurthur,,Caudrey,Freshman,2017,ccaudreyar@jimdo.com,939-408-1317,078 Lien Plaza,5,5,5/15/1993,deferred,1575,false,127805637,,14,,388,true
999824976,Janene,,Helling,Freshman,2010,ehellingas@plala.or.jp,477-311-3563,775 Bay Pass,8,30,8/25/1997,dropped,6112,true,354826371,,14,,389,true
917290761,Hendrik,Gavan,Colter,Sophomore,2015,tcolterat@engadget.com,183-310-5803,20 Rigney Parkway,3,40,12/20/1993,deferred,7704,true,537989298,,14,,390,true
986551734,Ferd,Leeland,Brockbank,Senior,2000,obrockbankau@clickbank.net,328-143-8024,5 Springs Trail,4,34,3/11/1994,abroad,3527,true,455692415,,24,,391,true
956436155,Pavlov,Abby,Domleo,Sophomore,2008,rdomleoav@gov.uk,248-997-6443,3312 Sycamore Point,5,29,4/19/1988,dropped,3347,false,940425815,,14,,392,true
928898393,Jacklin,Nina,Nolin,Sophomore,2018,enolinaw@example.com,112-880-0739,047 Mallory Plaza,9,1,10/14/1989,abroad,6865,false,361354370,,7,,393,false
936719714,Matias,,Ughini,Junior,2020,aughiniax@jigsy.com,630-921-2373,54072 Spenser Place,4,29,11/17/1993,abroad,5270,true,260909400,,7,,394,false
924412656,Isadore,,Kalvin,Freshman,2017,gkalvinay@indiegogo.com,516-217-8712,04 Brown Alley,9,15,1/8/1988,abroad,1098,false,607783173,Giuditta,7,,395,false
945924892,Sara,Tybie,Steggals,Freshman,2015,nsteggalsaz@dedecms.com,812-616-4574,664 Novick Court,9,10,12/3/1992,dropped,6870,true,535041748,,14,,396,false
960691265,Aldis,Pavlov,Zannutti,Junior,2002,mzannuttib0@howstuffworks.com,571-986-2200,16 Eggendart Alley,6,1,4/7/1994,dropped,2079,true,673051878,,14,lol,397,true
996783604,Edeline,,Lefeuvre,Sophomore,2018,mlefeuvreb1@google.it,873-658-8973,32409 Merrick Pass,7,5,7/16/1989,deferred,7328,false,236799566,,24,,398,false
970819676,Mellisent,Dionysus,Issac,Senior,2012,pissacb2@stanford.edu,780-176-8970,941 Harbort Road,4,27,2/17/1989,dropped,6808,true,508852748,,7,,399,false
994974773,Oberon,Estell,Wedderburn,Sophomore,2007,swedderburnb3@phoca.cz,341-598-9474,9 Superior Lane,7,29,9/4/1993,dropped,7259,true,552493436,,14,,400,true
996066096,Lionel,Katrine,Tradewell,Freshman,2004,ktradewellb4@cocolog-nifty.com,848-569-8417,660 Kenwood Park,10,4,7/11/1994,abroad,9487,false,887551236,,24,lol,401,false
990148635,Tris,,Ivashnikov,Freshman,2009,kivashnikovb5@ihg.com,713-262-2196,22 Jenifer Way,1,18,9/29/1993,dropped,6432,true,851880476,,24,,402,false
986642648,Anselm,,Jeskins,Sophomore,2008,djeskinsb6@nyu.edu,509-161-8202,1386 Fisk Center,7,26,6/19/1995,active,4797,false,149617294,Dasya,24,,403,false
999402068,Hanna,,Toward,Junior,2018,rtowardb7@nifty.com,719-965-5843,328 Lyons Junction,9,24,11/15/1991,transfered,4480,false,578443327,,7,,404,true
987004874,Georgena,Cicily,Vuittet,Freshman,2000,svuittetb8@google.es,980-260-6237,115 Talisman Circle,3,15,10/15/1988,active,4341,true,402978442,Sascha,7,,405,false
925103517,Craggie,Wenona,Stallard,Sophomore,2003,tstallardb9@canalblog.com,293-419-7617,67215 Meadow Ridge Crossing,4,7,7/1/1991,deferred,5879,false,928369081,,14,,406,false
941986431,Olenolin,Kattie,Falks,Junior,2006,bfalksba@bloglovin.com,257-491-9641,4939 Hollow Ridge Plaza,7,34,2/3/1991,transfered,6351,false,172881735,Berthe,24,,407,false
972132335,Orsola,,Galsworthy,Senior,2020,mgalsworthybb@oracle.com,708-350-4147,0 Anzinger Lane,3,4,4/24/1988,dropped,6982,false,537561392,,24,,408,false
902100142,Burr,,Sheards,Senior,2010,csheardsbc@umich.edu,135-788-4091,699 Bonner Center,7,38,12/31/1988,abroad,5458,true,947677336,,14,,409,true
976972869,Theodosia,Nelson,Toone,Sophomore,2019,vtoonebd@harvard.edu,793-780-8930,65987 Coleman Avenue,4,21,10/6/1988,transfered,4063,false,347799860,Vincent,14,,410,true
905415068,Pavel,,Hasell,Junior,2003,chasellbe@google.fr,935-698-6916,8146 Alpine Place,9,36,6/22/1992,active,5190,false,155303294,,14,lol,411,false
966951631,Arlena,Kaycee,McHarry,Senior,2013,fmcharrybf@shareasale.com,789-217-2507,44663 Shopko Road,4,26,11/24/1997,deferred,4218,true,824091948,,14,,412,true
985926793,Jamill,Gawain,Widdowfield,Freshman,2019,gwiddowfieldbg@parallels.com,905-540-4177,1483 Village Green Hill,2,27,2/21/1995,dropped,9620,false,651257404,,24,lol,413,true
937918675,Richardo,,Sirl,Sophomore,2004,dsirlbh@paginegialle.it,977-337-2661,717 Reinke Avenue,1,24,11/6/1989,active,8077,true,887316513,,7,,414,false
994207444,Kellsie,Lona,Morratt,Senior,2008,smorrattbi@cam.ac.uk,855-126-9481,4090 Anthes Lane,9,33,6/6/1996,abroad,1427,false,317161700,,24,,415,false
915684619,Wilfred,Trstram,Cocklie,Sophomore,2012,jcockliebj@aol.com,311-310-3505,01632 Manitowish Pass,6,20,3/8/1997,abroad,6743,true,841116865,Jed,24,lol,416,true
942917450,Hastie,,Waistall,Senior,2013,rwaistallbk@gizmodo.com,880-381-9037,7 Melvin Point,5,23,7/10/1992,abroad,3770,false,972834065,,14,,417,true
932176353,Carlotta,Mechelle,Wybrew,Senior,2020,uwybrewbl@si.edu,638-709-5656,29230 Northfield Place,1,18,5/15/1989,transfered,9682,false,925889088,,7,,418,true
958872450,Yolanda,Amandy,Bottby,Junior,2001,jbottbybm@samsung.com,707-326-2614,5 Paget Road,5,26,5/4/1993,abroad,3989,false,784901497,Jereme,14,,419,false
910052940,Roma,,Guilaem,Freshman,2015,kguilaembn@tinyurl.com,590-838-7713,15 Arapahoe Point,8,16,10/30/1989,transfered,8998,false,614404621,,7,,420,true
905737660,Cindee,Freddy,Ondracek,Sophomore,2019,zondracekbo@youtu.be,990-644-2980,01416 Monument Terrace,4,39,4/30/1992,transfered,4702,true,271900165,,7,,421,true
914575795,Imogen,Shelba,Coaker,Sophomore,2010,acoakerbp@webs.com,484-336-5821,454 Coolidge Place,1,2,10/24/1993,active,9566,true,452096497,Aggie,14,lol,422,true
959192167,Donnamarie,,Molson,Sophomore,2001,emolsonbq@indiegogo.com,739-696-8896,57976 Sommers Circle,1,26,7/2/1996,active,2184,true,133732561,,7,,423,false
982239581,Elyse,Tadio,Spinley,Senior,2008,pspinleybr@github.io,778-674-4720,8 Calypso Terrace,5,34,5/21/1993,abroad,3358,false,155324231,,24,,424,true
995134612,Raquela,Billi,Burrus,Senior,2010,lburrusbs@loc.gov,959-622-0890,2 Orin Parkway,9,1,12/11/1993,dropped,6997,false,373301126,,24,,425,true
941241327,Dredi,Alayne,O'Hoolahan,Junior,2003,gohoolahanbt@boston.com,169-136-6504,6479 Sheridan Parkway,9,26,11/29/1994,abroad,1080,true,137159682,,14,,426,false
972165755,Thaddus,Evelyn,Rumsby,Senior,2011,wrumsbybu@macromedia.com,457-764-0010,30963 Pine View Drive,8,12,6/17/1991,dropped,7476,true,576491008,,24,,427,true
959542998,Melvin,Briana,Porkiss,Senior,2003,cporkissbv@scientificamerican.com,101-227-9076,97 Sundown Circle,5,34,12/21/1990,dropped,7495,false,490103936,Cahra,14,,428,false
927441292,Finn,Munmro,Kos,Senior,2019,hkosbw@example.com,491-494-2701,685 Granby Point,6,14,2/4/1988,deferred,6417,false,559116147,,7,,429,false
928998316,Roderick,,Johanssen,Sophomore,2000,tjohanssenbx@dmoz.org,462-178-3574,55534 Carpenter Hill,7,40,4/4/1989,abroad,1149,false,350185643,,7,,430,false
979890498,Jocelyn,Tine,Giovannacci,Junior,2013,mgiovannacciby@dagondesign.com,961-528-6588,39 Amoth Hill,8,31,9/4/1992,deferred,4898,true,398189881,,14,lol,431,false
960892934,Clair,,Baser,Freshman,2009,pbaserbz@vkontakte.ru,930-175-1137,1249 Katie Street,9,23,5/29/1988,deferred,7493,true,939567038,Piggy,14,,432,false
988169701,Ulrich,Esma,Yglesias,Sophomore,2007,nyglesiasc0@unblog.fr,253-209-4796,10 West Drive,4,21,12/5/1996,deferred,1690,true,908842592,Nicolle,14,,433,true
969534504,Mathian,Laurence,Boldt,Freshman,2005,gboldtc1@ebay.co.uk,116-259-6099,84130 Reindahl Point,7,37,6/18/1993,dropped,2506,true,284886183,Gerald,7,,434,false
951925133,Farly,Kirbee,Radloff,Freshman,2012,cradloffc2@domainmarket.com,464-862-1429,742 Ridgeway Street,1,32,6/7/1992,dropped,9341,true,791801906,Cristobal,24,,435,false
940185344,Noam,Ranice,Grishukov,Sophomore,2013,ogrishukovc3@biglobe.ne.jp,530-584-8691,0 7th Alley,3,15,7/18/1996,active,3980,false,154668775,,14,,436,true
944909813,Anastasia,,Trewinnard,Freshman,2017,mtrewinnardc4@wisc.edu,619-182-2153,3 Derek Parkway,2,15,10/1/1994,abroad,2415,true,348723131,,14,,437,true
949335235,Marcellus,Arnoldo,Rawlin,Sophomore,2010,jrawlinc5@lulu.com,585-602-9008,54604 Golf Course Crossing,8,21,8/9/1996,transfered,9362,false,444759343,Joseph,14,,438,false
955183288,Dannye,,Goodfield,Senior,2012,ygoodfieldc6@themeforest.net,201-420-1620,49 Westerfield Park,8,38,3/29/1990,active,6189,true,662989267,,7,,439,false
906430389,Morena,Shelba,Belliveau,Freshman,2003,abelliveauc7@nifty.com,804-684-4380,8367 Mesta Alley,5,26,5/22/1990,transfered,2870,true,197935666,,7,,440,true
996193353,Consolata,Dody,Parminter,Junior,2000,mparminterc8@nifty.com,976-265-1048,2 Clyde Gallagher Place,8,12,11/19/1991,abroad,2034,true,450560923,,14,,441,true
911206502,Joane,Ailis,Laboune,Senior,2019,slabounec9@de.vu,830-692-7360,780 Autumn Leaf Park,3,5,11/19/1990,transfered,5675,true,323326264,Stafani,7,,442,false
947575784,Dorolisa,Dannye,Argontt,Senior,2016,jargonttca@foxnews.com,703-271-0074,9 Melby Crossing,8,11,4/21/1993,abroad,7043,false,330636385,,14,,443,true
995535784,Charlean,Zarah,Ioan,Junior,2018,hioancb@photobucket.com,574-127-5549,10 Arkansas Hill,7,13,10/21/1994,abroad,3499,false,813460514,,14,,444,true
917857513,Marchall,Noll,Heiner,Senior,2013,hheinercc@delicious.com,763-702-5554,38653 Mayer Road,7,35,8/26/1989,transfered,6434,false,454836712,Holli,14,lol,445,false
932856716,Kissiah,Delcine,Reinhart,Freshman,2002,mreinhartcd@free.fr,285-981-5288,66 Shoshone Pass,6,30,3/3/1989,abroad,2211,false,320608307,,7,,446,false
912135535,Carrol,,Faucherand,Junior,2018,nfaucherandce@bloglovin.com,652-277-7099,42 2nd Trail,10,15,11/1/1991,abroad,4854,false,517620896,Norbert,14,,447,true
915949788,Berry,Alick,Hodjetts,Senior,2020,chodjettscf@yale.edu,179-669-4802,186 Ryan Pass,1,8,12/15/1996,active,8197,false,692229967,,7,,448,true
949404673,Antonetta,Eldon,Danielut,Junior,2001,adanielutcg@gnu.org,509-354-5139,81 Warbler Point,5,40,9/8/1988,deferred,2352,true,515384178,,24,,449,true
925453636,Crawford,Rosene,Eliaz,Sophomore,2004,keliazch@cnbc.com,465-440-1996,808 Reindahl Terrace,5,33,5/26/1993,transfered,9260,false,553068780,,7,,450,false
945704217,Binnie,Meir,Brack,Freshman,2004,mbrackci@msn.com,537-484-8434,00153 Vera Park,5,26,6/8/1993,deferred,6347,false,729051367,,7,,451,false
995213494,Parker,Berton,Lievesley,Senior,2011,rlievesleycj@paypal.com,422-986-6821,42 Springs Way,2,28,9/1/1995,active,2711,true,944494980,,7,,452,false
999289850,Burnard,Cissiee,Gayle,Sophomore,2017,ggayleck@paypal.com,152-767-1719,8 Atwood Pass,1,18,5/14/1994,abroad,2798,false,625179986,,24,,453,true
972606798,Meade,Theadora,Ferencowicz,Sophomore,2013,pferencowiczcl@usa.gov,627-645-1113,2 East Street,5,28,10/18/1988,dropped,1126,false,244351959,,24,,454,true
935332478,Freddi,,Sicha,Freshman,2009,rsichacm@canalblog.com,666-238-2716,7754 American Court,1,1,1/22/1994,deferred,3881,false,810500170,,7,,455,true
910167714,Noni,Mildred,Sutter,Freshman,2002,dsuttercn@smugmug.com,921-213-4864,39 Cordelia Street,5,15,4/29/1994,transfered,9426,true,471042257,,7,,456,true
910493843,Myra,Alejandro,Wilsdon,Junior,2014,hwilsdonco@comsenz.com,738-581-1099,49785 Fallview Parkway,4,30,2/14/1995,abroad,6873,true,855149823,,7,,457,false
948480941,Caldwell,,Brimilcome,Junior,2019,tbrimilcomecp@chronoengine.com,695-845-4221,5 Stuart Crossing,5,2,12/5/1994,active,3259,false,137836349,,14,,458,true
977959554,Mahmoud,Lynett,Woakes,Sophomore,2007,bwoakescq@jalbum.net,914-973-0919,71 Golden Leaf Parkway,4,12,12/27/1990,transfered,2179,true,468702590,,24,,459,false
972683597,Lenora,Millie,Finnick,Freshman,2017,dfinnickcr@nyu.edu,373-811-8401,953 Arapahoe Terrace,10,5,8/16/1988,dropped,9635,false,122966789,Dominic,14,,460,false
962925082,Genevra,,Santorini,Freshman,2012,dsantorinics@google.ca,612-775-8365,96 Warner Trail,2,27,8/8/1996,deferred,7673,false,124450321,,14,,461,false
997533205,Beryle,,Epton,Senior,2018,keptonct@va.gov,152-260-9758,16976 Ryan Way,6,39,8/13/1995,active,3825,true,315257904,,14,,462,false
911456955,Eliza,,Tapsfield,Sophomore,2015,rtapsfieldcu@wired.com,861-683-3657,243 Annamark Crossing,7,32,8/21/1993,dropped,5841,false,768436169,,14,,463,true
971497182,Heywood,Maria,Flatte,Freshman,2003,kflattecv@theguardian.com,444-958-0324,1946 Mockingbird Point,5,27,4/11/1991,abroad,5535,false,625741226,,24,,464,false
934874401,Jeanelle,Jodie,Beynkn,Senior,2013,jbeynkncw@cafepress.com,476-923-0055,6725 Emmet Point,5,6,3/1/1997,transfered,8521,false,361455813,,14,,465,false
996492680,Sherilyn,Shelley,Macconachy,Senior,2017,bmacconachycx@hostgator.com,217-949-2528,37 Pleasure Junction,8,6,7/13/1993,transfered,5230,true,629174094,Bunni,7,lol,466,false
947974900,Misty,,Goggan,Junior,2018,agoggancy@jugem.jp,244-934-5921,144 Porter Pass,8,4,7/16/1994,dropped,7378,true,342458171,,24,,467,false
926963471,Odille,Peta,Meffin,Freshman,2002,kmeffincz@blogtalkradio.com,862-539-9440,612 Kedzie Way,1,16,6/14/1994,deferred,3710,true,182134391,Karee,24,,468,true
998747815,Ruby,Shay,Allonby,Junior,2005,vallonbyd0@wiley.com,893-656-7580,55 Warrior Hill,3,18,4/4/1990,deferred,4920,false,415820581,,7,,469,false
986748671,Randie,Amalita,Watmore,Freshman,2015,lwatmored1@forbes.com,548-243-9079,3 Park Meadow Junction,9,3,5/21/1992,dropped,7160,false,475632665,Ludovico,7,,470,true
924823107,Emery,Beverley,Epton,Senior,2009,geptond2@networksolutions.com,829-744-6402,25 Shopko Alley,6,6,11/30/1991,dropped,2576,true,366228131,,24,,471,false
926765003,Lynnell,Winifred,Emlen,Sophomore,2019,cemlend3@paginegialle.it,388-128-5159,49 Dottie Junction,6,6,4/14/1995,deferred,7866,true,966851278,,24,,472,false
938451396,Solomon,Justis,Janecki,Senior,2000,djaneckid4@chron.com,710-527-2390,666 Kedzie Terrace,10,37,3/13/1997,active,5022,false,193190054,,14,,473,false
983465350,Paxton,,Gritten,Senior,2008,fgrittend5@last.fm,754-272-1107,5 Troy Alley,5,3,8/13/1992,abroad,2035,true,269582997,,7,,474,false
957741938,Corissa,Livy,Sparhawk,Freshman,2012,ssparhawkd6@spiegel.de,915-593-4120,08672 Cardinal Trail,5,22,10/12/1995,active,1026,false,580639302,,14,,475,true
931490508,Erie,Michele,Poyser,Senior,2010,rpoyserd7@shutterfly.com,714-674-6097,1494 Fair Oaks Court,6,35,10/26/1995,dropped,2799,false,342240867,,7,,476,true
921540671,Priscella,Chantal,Kibbe,Sophomore,2008,tkibbed8@nba.com,859-994-5878,66881 Vernon Hill,3,17,7/16/1997,dropped,8853,true,643984708,,14,,477,false
934612364,Francoise,Nadeen,Kevlin,Senior,2002,hkevlind9@mayoclinic.com,326-388-1661,8 Schlimgen Place,5,4,3/30/1992,dropped,8297,true,406153984,,24,,478,false
942668941,Darby,Axel,Strafford,Freshman,2006,astraffordda@ox.ac.uk,889-955-3252,04994 Pierstorff Way,5,17,2/14/1988,dropped,5166,false,989913807,,24,,479,false
934691097,Walliw,Delmor,Stroud,Sophomore,2014,astrouddb@gizmodo.com,186-641-9535,10590 Sherman Place,8,37,5/12/1996,deferred,5449,false,185503639,,24,,480,false
917249904,Moshe,,Cassin,Sophomore,2004,fcassindc@squarespace.com,446-314-7955,864 Londonderry Way,9,7,3/5/1988,deferred,5762,false,884898296,,7,,481,false
987919233,Prescott,Farica,Ridel,Junior,2006,drideldd@hp.com,821-281-2183,25644 Park Meadow Drive,4,20,6/18/1988,deferred,9551,false,312505068,,14,,482,false
908251257,Ansel,,Coytes,Freshman,2009,jcoytesde@disqus.com,125-339-6871,5 Oriole Plaza,10,20,1/28/1994,deferred,4044,true,720935594,,7,,483,false
948617891,Janeva,Eldridge,McKeown,Sophomore,2019,gmckeowndf@home.pl,349-878-0979,192 Kennedy Court,2,8,2/23/1995,active,3976,false,314071832,,14,,484,true
996651254,Napoleon,,Broadbent,Sophomore,2004,lbroadbentdg@shutterfly.com,840-213-1326,564 Prairieview Pass,8,24,7/15/1997,transfered,4761,false,182528541,Lewiss,14,,485,true
924482544,Sinclare,Arline,Hardacre,Freshman,2007,chardacredh@infoseek.co.jp,403-552-0055,0 Garrison Crossing,4,29,8/26/1994,dropped,8451,true,354662514,,14,,486,false
965929281,Evania,Neddie,Humby,Senior,2005,dhumbydi@taobao.com,739-978-6128,91 Luster Point,5,7,3/26/1995,dropped,5078,true,281078735,,24,,487,false
979834329,Joby,Lamond,Alexis,Sophomore,2000,ralexisdj@cnet.com,804-519-3407,75 Texas Lane,1,33,1/14/1997,transfered,4969,true,227078254,,7,,488,false
915001522,Clemence,Erroll,Scurman,Junior,2016,cscurmandk@vkontakte.ru,404-926-9096,840 Fair Oaks Plaza,1,29,9/9/1992,transfered,3852,false,905136587,,24,lol,489,true
976074025,Philippine,,Moxson,Sophomore,2013,hmoxsondl@sohu.com,424-942-2855,81 Stuart Lane,4,34,11/30/1992,deferred,5495,true,998747687,,24,,490,false
988316297,Ameline,Barclay,How to preserve,Sophomore,2005,dhowtopreservedm@hostgator.com,493-260-8813,66753 Express Way,8,36,7/22/1989,dropped,5409,false,638190392,,14,,491,true
999978068,Reade,Levy,Grange,Senior,2019,kgrangedn@free.fr,281-159-3172,41 Gulseth Road,8,39,5/10/1992,abroad,6702,false,774302406,Kaylil,24,,492,false
919923294,Rand,,Colborn,Senior,2001,kcolborndo@nbcnews.com,265-945-7627,39 Spohn Court,4,19,5/19/1992,dropped,2251,false,489839531,Kyle,14,,493,false
921403065,Bary,Aundrea,Prickett,Freshman,2018,vprickettdp@xrea.com,539-216-1118,2 Sunnyside Circle,5,28,10/17/1989,deferred,2348,false,449846227,,14,,494,true
967052237,Gianni,Lilias,Giller,Sophomore,2003,ggillerdq@icio.us,566-626-2829,73856 Dorton Road,6,15,11/29/1996,abroad,8835,true,307689551,,7,,495,true
981042390,Marys,Deeyn,Carme,Sophomore,2007,jcarmedr@theguardian.com,150-320-1172,33061 Debs Road,9,18,11/7/1996,abroad,2042,true,474945412,,7,,496,true
980955902,Renault,Morissa,Batchelour,Sophomore,2012,vbatchelourds@springer.com,512-205-5304,234 Carberry Hill,3,2,3/15/1991,deferred,4731,true,928195636,,7,,497,true
921412887,Margaretta,Heida,Baford,Senior,2005,rbaforddt@redcross.org,703-176-6238,6636 Memorial Point,7,32,1/14/1991,transfered,5833,true,979276875,,7,,498,false
948275475,Siffre,Devon,Castellucci,Sophomore,2017,fcastelluccidu@fastcompany.com,380-862-2398,08 Forest Dale Court,1,40,11/20/1993,active,8694,true,886524721,,7,,499,false
913617179,Irvine,Tandie,Penzer,Sophomore,2013,npenzerdv@163.com,166-205-6547,25609 American Ash Drive,10,1,1/26/1990,deferred,3737,false,493224589,Norton,7,,500,true
999204045,Steffen,,Lavarack,Senior,2001,ylavarackdw@loc.gov,874-834-9596,5307 Clove Parkway,3,22,5/6/1991,transfered,5560,true,631474566,,14,,501,false
926826305,Olia,Jamil,Cancellario,Senior,2010,vcancellariodx@csmonitor.com,723-819-7900,0756 Melvin Plaza,5,22,4/4/1994,deferred,9298,false,260454667,,7,,502,true
912250509,Packston,Kimmi,Seager,Freshman,2013,jseagerdy@timesonline.co.uk,946-521-5897,32759 Manley Circle,4,26,9/8/1989,active,5237,false,724790883,,14,,503,false
921867526,Randi,Frasquito,Sultana,Freshman,2008,esultanadz@creativecommons.org,241-176-7465,56325 Delaware Plaza,9,24,5/2/1993,dropped,1504,false,122091625,,7,,504,false
958583773,Trudey,Inez,Verdie,Freshman,2007,sverdiee0@blogspot.com,947-492-0712,25949 Fairview Court,10,18,12/15/1991,transfered,8484,false,152066091,,24,,505,true
947392177,Minette,Wynn,Ridgedell,Freshman,2007,wridgedelle1@nasa.gov,938-648-1064,2 Lindbergh Hill,5,4,7/10/1988,transfered,8455,true,896287876,,7,,506,false
978472534,Cheston,Marline,Matthius,Freshman,2005,amatthiuse2@imdb.com,325-170-8224,401 Doe Crossing Drive,3,27,6/21/1995,transfered,3742,false,906074412,Amber,14,,507,false
959981395,Clotilda,Marilyn,Hosby,Senior,2001,khosbye3@hp.com,742-775-8755,9 Lien Trail,1,38,2/23/1995,dropped,8798,true,941577305,Kaela,7,,508,true
922248544,Shela,,Bearham,Senior,2014,mbearhame4@statcounter.com,853-588-8174,86647 Grasskamp Lane,8,37,12/17/1990,transfered,3700,true,595991297,,14,,509,true
977825519,Neala,,Wisedale,Freshman,2007,jwisedalee5@slideshare.net,201-951-1669,2159 Dapin Court,3,12,6/2/1990,dropped,6458,false,879313174,,7,,510,false
995866767,Blisse,Demetre,Jerdan,Junior,2010,ejerdane6@cmu.edu,919-516-4061,7374 Village Street,4,4,6/13/1989,dropped,9308,true,152539708,Erica,24,,511,false
924357003,Grata,Adena,Robshaw,Sophomore,2004,crobshawe7@twitter.com,887-930-4623,0 Scofield Circle,5,33,1/1/1992,deferred,9407,false,835599157,,14,,512,false
948562626,Celestine,,Pikesley,Sophomore,2002,rpikesleye8@blogs.com,258-212-1167,9496 Northfield Center,8,5,2/21/1994,transfered,1457,false,779429253,Riva,14,,513,false
945946392,Claudine,Fitz,Lordon,Freshman,2005,blordone9@phoca.cz,746-303-6037,9928 Memorial Circle,1,11,4/6/1992,abroad,1610,false,489958357,,14,,514,false
956868373,Marietta,Randal,Liptrod,Freshman,2000,hliptrodea@eventbrite.com,187-420-4547,35542 Oakridge Drive,8,11,10/25/1991,dropped,2133,true,970113531,Hildagard,7,,515,true
917751053,Sandy,Hortensia,Mitchall,Junior,2005,bmitchalleb@xinhuanet.com,920-187-3227,76 Butterfield Alley,5,16,8/27/1994,deferred,8184,false,919254218,,24,,516,true
917635615,Morganica,Ashbey,Harcombe,Freshman,2009,sharcombeec@gizmodo.com,119-625-5785,074 Fairview Crossing,10,35,11/7/1994,deferred,5339,false,408743561,Seymour,24,,517,true
920872267,Sayres,Chuck,Bottle,Senior,2005,abottleed@trellian.com,255-105-3051,49830 Toban Point,2,20,4/14/1994,deferred,7178,false,379085647,,7,,518,false
935939401,Westleigh,Jules,Imloch,Freshman,2004,dimlochee@sohu.com,261-201-6885,92 East Circle,5,36,10/8/1995,deferred,2611,false,531825984,,7,,519,true
956262458,Fleming,Laney,Livingston,Junior,2007,clivingstonef@cam.ac.uk,697-209-9297,65 Golf Road,8,8,2/14/1993,abroad,9943,true,843203648,,24,,520,false
944833586,Hugh,Reba,Barnhill,Freshman,2001,dbarnhilleg@berkeley.edu,971-655-4662,2955 Anderson Circle,2,39,12/20/1996,abroad,8586,false,224768285,,24,,521,false
901338175,Salomon,Dory,Gilhouley,Sophomore,2009,hgilhouleyeh@army.mil,960-102-2628,96 Algoma Circle,4,39,4/19/1988,dropped,9447,true,839466991,Hi,24,,522,false
901034570,Cathrin,Fergus,Rantoull,Sophomore,2006,grantoullei@infoseek.co.jp,246-508-5026,5 Hansons Point,1,34,12/12/1995,active,6026,false,104262091,,24,,523,false
996587449,Kendra,Ricardo,Benson,Sophomore,2001,ibensonej@tripod.com,726-770-3284,67962 Pepper Wood Center,9,37,6/14/1993,deferred,9919,false,778479943,Isabella,7,,524,true
944124930,Brandy,Ashlin,Spensly,Senior,2020,bspenslyek@amazonaws.com,718-953-9103,0714 Messerschmidt Plaza,3,13,4/20/1994,abroad,3316,false,249509224,Babara,24,,525,false
927716030,Nora,Eugine,Cashford,Junior,2003,lcashfordel@last.fm,513-332-3699,8254 Hayes Center,8,15,5/19/1990,deferred,5457,false,338698188,,24,,526,true
947346510,Lurette,,Vanichkin,Junior,2019,avanichkinem@wordpress.org,314-903-4191,18 Claremont Avenue,9,17,6/23/1993,deferred,5147,false,225608587,,14,,527,false
985667899,Sanders,Willy,Menicomb,Senior,2011,kmenicomben@apache.org,941-354-9537,21125 Hallows Park,1,19,10/30/1994,transfered,1386,false,906943887,,14,,528,true
946805328,Fairlie,Nollie,Kingzet,Freshman,2009,rkingzeteo@amazon.de,466-563-1250,766 Duke Crossing,1,17,11/8/1991,active,2523,true,803221744,,24,,529,true
956111656,Crista,Cesaro,O'Fihillie,Junior,2003,dofihillieep@virginia.edu,841-819-8072,17395 Roth Lane,5,23,11/11/1988,transfered,2158,true,749398079,,24,lol,530,false
969884721,Lefty,,Fernan,Junior,2013,cfernaneq@fda.gov,675-246-1247,90973 Washington Alley,7,6,6/18/1990,abroad,2671,true,309018559,,14,,531,false
943006082,Westley,Lorant,Iremonger,Senior,2010,hiremongerer@epa.gov,693-884-6864,93 Fisk Court,4,9,8/20/1990,dropped,5106,true,684262600,Helena,7,,532,false
935552155,Dermot,Suzanna,Darwin,Junior,2015,ydarwines@kickstarter.com,801-912-1200,7774 Nevada Lane,10,13,8/11/1990,dropped,9533,true,665538656,,14,,533,false
993395632,Maxi,Naomi,Eblein,Sophomore,2009,debleinet@craigslist.org,182-794-3726,684 Bluestem Center,7,32,10/25/1996,transfered,5535,true,408400047,Derrick,14,,534,true
907419650,Dare,Quintana,Lyddyard,Freshman,2011,blyddyardeu@cbc.ca,336-475-3354,32 Esch Parkway,4,30,10/11/1996,deferred,6556,false,348417493,Balduin,24,,535,false
950226443,Brynne,Anatola,Swannack,Junior,2013,eswannackev@umn.edu,801-173-3686,84589 Calypso Place,10,4,12/13/1996,deferred,1539,false,375407847,,24,,536,true
939624131,Alvina,Hubey,Clara,Freshman,2012,pclaraew@privacy.gov.au,409-877-8775,15 Northwestern Terrace,5,8,2/14/1991,transfered,2496,false,879772552,,24,,537,false
987604196,Christean,Sherwood,Hayle,Junior,2008,shayleex@pbs.org,621-458-0864,05 Heath Lane,8,1,8/25/1989,deferred,7912,true,197844793,Shermie,24,,538,true
914909701,Thurston,,Blare,Junior,2004,cblareey@wordpress.com,642-395-1339,474 Roxbury Pass,10,22,10/13/1996,transfered,3810,true,841518111,,14,,539,false
996302919,Dorian,Wilow,Espinazo,Freshman,2010,despinazoez@wikipedia.org,418-209-9540,1 Maywood Place,2,28,5/26/1993,active,1624,true,361668194,Derron,24,,540,true
982740452,Michel,Renie,Haythorne,Senior,2014,chaythornef0@amazon.co.jp,275-858-2713,1 Mitchell Avenue,5,3,1/3/1990,active,7782,true,238378335,,14,,541,false
965058946,Cori,Laurianne,Fergie,Sophomore,2010,cfergief1@vistaprint.com,843-804-4710,2 Vidon Center,7,30,9/30/1989,transfered,5383,true,356080173,,7,,542,true
987956811,Dolorita,Robin,Davidek,Junior,2014,rdavidekf2@pinterest.com,687-599-5218,396 Killdeer Plaza,7,23,1/29/1990,active,3838,true,997663874,Robinett,24,,543,true
986696614,Verna,,Coltart,Senior,2008,kcoltartf3@seesaa.net,826-220-8811,9413 Blue Bill Park Hill,5,5,3/28/1990,deferred,2822,false,204346505,Kali,7,,544,true
900163196,Rafaelia,Alvira,Emblow,Senior,2012,aemblowf4@devhub.com,594-206-1190,0710 Arrowood Parkway,3,9,7/13/1996,transfered,3587,false,940122759,Augustin,7,,545,true
962332583,Sandi,,Gauche,Senior,2018,ngauchef5@ezinearticles.com,854-291-4552,524 Anthes Park,5,29,11/20/1994,active,5737,false,925648389,Nathaniel,14,,546,false
970127606,Lilias,Linnie,Pietrowski,Sophomore,2012,epietrowskif6@state.tx.us,495-322-5018,01564 West Avenue,7,37,8/28/1990,deferred,2728,true,499039836,Ethelda,24,,547,true
912910606,Ailey,Marylinda,Truett,Junior,2002,struettf7@icio.us,845-651-3447,44473 Bay Plaza,1,18,10/10/1992,deferred,3763,false,570990322,,24,lol,548,true
909788357,Ethelind,Noby,Melarkey,Freshman,2012,gmelarkeyf8@infoseek.co.jp,369-345-6835,48 Emmet Lane,10,16,6/21/1994,active,5090,false,632876034,,24,,549,false
926649897,Zondra,Fidela,Anney,Freshman,2017,manneyf9@si.edu,319-461-1348,7023 Mcguire Lane,6,2,3/28/1996,abroad,9604,false,724307517,,24,,550,true